name	0	1	2	3	4	5	6	7	8	9	10	11	12	13	14	15	16	17	18	19	20	21	22	23	24	25	26	27	28	29	30	31	32	33	34	35	36	37	38	39	40	41	42	43	44	45	46	47	48	49
 Fredric March	 	 	 	 	 	 	 	 	 	 	 	 	 	 	 	 	 	 	 	 	 	 	 	 	 	 	 	 	 	-33	 	 	 	 	 	 	-35	 	 	 	 	 	-7	 	 	 	 	 	13	18
 Laurence Harvey	 	 	 	 	 	 	 	 	 	 	 	 	 	 	 	 	 	 	 	 	 	 	-5	 	 	 	 	 	 	 	 	 	 	 	 	 	 	 	 	 	 	 	 	 	 	 	 	 	 	 
Claude Rains	 	 	 	 	 	 	 	 	 	 	 	 	 	 	 	 	 	 	 	 	 	 	 	 	 	 	 	 	 	46	 	 	 	 	 	 	 	 	 	 	 	20	 	 	 	 	 	 	 	 
Helena Bonham Carter	 	 	 	 	 	 	 	 	 	 	 	 	 	 	 	 	 	 	 	21	 	 	 	 	 	 	 	 	 	 	 	 	 	 	 	 	 	 	23	 	 	 	 	 	 	 	 	 	 	 
 Mary McDonnell	 	 	 	 	 	 	 	 	 	 	 	 	 	 	 	 	 	 	 	 	 	 	 	 	 	 	 	 	 	 	 	 	 	 	 	 	 	 	 	 	 	 	 	 	-35	 	 	 	 	 
Anna Kendrick	 	 	 	 	 	 	 	 	 	 	 	 	 	 	 	 	 	 	 	 	 	 	 	 	 	 	 	 	 	 	 	 	 	 	 	 	 	 	 	 	 	 	 	 	-34	 	 	 	 	 
 Roberto Benigni	 	 	 	 	 	 	 	 	 	 	 	 	 	 	 	 	 	 	 	 	 	 	 	 	 	 	 	 	15	 	 	 	 	 	 	 	 	 	 	 	 	 	 	 	 	 	 	 	 	 
 Deborah Kerr	 	 	 	 	-3	 	 	 	 	 	 	 	 	 	 	 	 	 	 	 	 	 	 	 	 	 	 	 	 	 	 	 	 	 	 	 	 	 	 	 	 	 	 	 	 	 	 	65	 	 
Burt Lancaster	 	 	 	 	 	 	 	 	 	 	 	 	 	 	 	 	 	 	 	 	 	 	 	 	 	 	 	 	 	 	 	 	 	 	 	 	-18	 	-52	-52	-52	 	 	 	-66	-66	-22	 	 	-63
 William Hurt	 	 	 	 	 	 	 	 	 	 	 	 	 	 	 	 	 	 	 	-19	 	 	 	 	 	 	 	 	 	 	 	 	 	 	 	 	 	 	 	 	 	 	 	 	-53	 	 	 	 	 
 Eleanor Parker	 	 	 	 	 	 	 	 	1	 	 	 	 	 	 	 	 	 	 	 	 	 	-4	 	 	 	 	 	 	 	 	 	 	 	 	-47	 	 	 	 	 	 	 	 	 	 	 	 	 	 
 Marion Cotillard	 	 	 	 	 	 	 	 	 	 	 	 	 	 	 	 	 	 	 	 	 	-22	 	 	 	 	 	 	 	 	 	 	 	 	 	 	 	 	 	 	 	 	 	 	 	 	 	 	 	 
 Gregory Peck	 	 	 	 	 	 	 	 	 	 	 	 	 	 	 	 	 	 	 	 	 	 	 	 	 	 	 	 	 	 	 	 	 	11	 	 	 	 	 	 	12	6	 	 	-56	 	 	 	 	 
 Yul Brynner	 	 	 	 	 	 	 	 	 	 	 	 	 	 	 	 	 	 	 	 	 	 	 	 	 	 	 	 	 	 	 	 	 	 	 	 	 	 	 	 	 	 	 	 	 	 	 	63	61	-27
 Glenn Close	 	 	 	 	 	 	 	 	 	 	 	 	 	 	 	 	 	 	 	 	 	 	 	 	 	 	 	 	 	 	 	 	 	 	 	 	 	 	 	-42	-37	 	 	 	 	 	 	 	 	 
 King Vidor	 	 	 	 	 	 	 	 	 	 	 	 	 	 	 	 	 	 	 	 	 	 	 	 	 	 	40	 	 	 	 	 	 	 	 	 	 	 	 	 	 	 	 	 	28	 	 	 	 	 
 Robert Montgomery	 	 	 	 	-10	 	 	 	 	 	 	 	 	 	 	 	 	 	23	20	 	-26	 	-3	 	38	 	38	 	33	 	 	 	-43	 	 	-40	 	 	 	 	 	 	-5	 	 	 	 	 	 
 Kathryn Bigelow	 	 	 	 	 	 	 	 	 	 	 	 	 	 	 	 	 	 	 	 	 	 	 	 	 	 	 	 	 	 	 	 	 	 	 	 	 	36	 	 	 	 	 	 	 	 	 	 	 	 
Gena Rowlands	 	 	 	 	 	 	 	 	 	 	 	 	 	 	 	 	 	 	 	 	 	 	 	 	 	 	 	 	 	 	 	 	 	 	 	 	 	 	 	 	 	 	 	 	 	 	 	-5	 	 
 Joel Grey	 	 	 	 	 	 	 	 	 	 	 	 	 	 	 	 	 	 	 	 	 	 	 	 	 	 	 	 	 	 	 	 	 	 	 	 	 	 	 	 	 	 	 	 	-9	-9	 	 	-38	 
Arthur Hunnicutt	 	 	 	 	 	 	 	 	 	 	 	 	 	 	 	 	10	 	 	 	 	 	 	 	 	 	 	 	 	 	 	55	 	 	 	 	 	-40	-40	-23	 	 	-2	 	-48	 	 	 	 	 
 Madeline Kahn	 	 	 	 	 	 	 	 	 	 	 	 	 	 	 	 	 	 	 	 	 	 	 	 	 	 	 	 	 	 	 	 	 	 	 	 	 	 	7	 	 	 	 	 	 	 	 	 	 	 
 Dean Stockwell	 	 	 	 	 	 	 	 	 	 	 	 	 	 	 	 	 	 	 	 	 	 	 	 	 	 	 	 	 	 	 	 	 	 	 	28	28	 	-39	 	 	 	 	 	 	 	 	 	 	 
 Burt Reynolds	 	 	 	 	 	 	 	 	 	 	 	 	 	 	 	 	 	 	 	 	 	 	 	 	 	11	 	 	 	 	 	 	 	 	 	 	 	 	 	 	 	 	 	 	 	 	 	 	 	 
 Red Buttons	 	 	 	 	 	 	 	 	 	 	 	 	 	 	 	 	 	 	 	 	 	 	 	 	 	 	 	29	 	 	 	 	56	 	 	19	 	 	 	 	 	 	 	 	 	14	 	 	 	-49
 Jack Albertson	 	 	 	 	 	 	 	 	 	 	 	 	 	 	 	 	 	 	 	 	 	 	 	 	 	 	 	 	 	 	 	 	 	 	 	 	 	 	 	 	 	 	 	 	 	 	3	 	 	 
Debbie Reynolds	 	 	 	 	 	 	 	 	 	 	 	 	 	 	 	4	 	 	 	 	 	 	 	 	 	 	 	 	 	 	 	 	 	 	 	 	-41	 	 	 	1	-2	 	32	32	 	 	 	 	 
 Joseph L. Mankiewicz	 	 	 	 	 	 	 	 	 	 	 	 	 	 	 	 	 	 	 	 	 	 	 	 	 	 	 	 	 	 	 	 	 	 	28	 	 	-8	 	-27	 	19	12	 	 	 	 	 	 	 
 John Ireland	 	 	 	 	 	 	 	 	 	 	 	 	 	 	 	 	 	 	 	 	 	 	 	 	 	 	 	 	 	 	 	 	 	 	 	 	-54	 	 	-51	 	 	43	 	 	-65	 	 	-32	 
Judy Holliday	 	 	 	 	 	 	 	 	 	 	 	 	 	 	 	 	 	 	 	 	 	 	 	 	 	 	 	 	 	 	 	 	 	 	 	 	 	6	6	 	 	 	 	 	 	 	 	 	 	 
Carol Reed	 	 	 	 	 	 	 	 	 	 	 	 	 	 	 	 	 	 	 	 	 	 	 	24	24	 	 	 	 	 	 	 	 	 	 	33	 	 	 	-34	 	 	 	-14	 	 	 	 	2	 
 Julie Andrews	 	 	 	 	 	 	 	 	-9	 	 	 	 	 	 	 	 	 	 	 	 	 	 	 	 	 	 	 	 	 	 	 	 	 	 	 	 	 	 	 	 	 	 	 	 	 	 	 	 	 
Anne Revere	 	 	 	 	 	 	 	 	 	 	 	 	 	 	 	 	 	 	 	 	 	 	 	 	 	 	 	 	44	 	 	 	 	27	27	27	27	 	 	37	 	 	 	 	 	 	 	 	 	 
 Teresa Wright	 	 	 	 	 	 	 	 	 	 	 	 	 	 	 	 	 	 	 	 	 	 	 	 	 	 	 	 	 	 	10	10	10	 	 	5	 	 	 	 	-59	 	 	 	 	 	 	 	 	 
Gig Young	 	 	 	 	 	 	 	 	 	 	 	 	 	 	 	 	 	 	 	 	 	 	 	 	 	 	 	32	 	 	-50	 	 	 	 	 	 	 	 	 	-19	-19	 	 	 	 	2	-49	 	 
 Jessica Tandy	 	 	 	 	 	 	 	 	 	 	 	 	 	 	 	 	 	 	 	 	 	 	 	 	 	 	 	 	 	 	 	 	 	 	29	 	 	 	 	 	 	 	 	 	2	 	 	 	 	 
Jeanne Crain	 	 	 	 	 	 	 	 	 	 	 	 	 	 	 	 	 	 	 	 	 	 	 	 	 	 	 	 	 	 	 	 	18	 	 	 	 	 	 	 	 	 	 	 	 	0	 	 	 	 
 Robert Donat	 	 	 	 	 	 	 	 	 	 	 	 	 	 	 	 	 	 	 	 	 	 	 	 	 	 	 	-6	 	 	 	 	 	 	 	 	 	 	 	 	 	 	 	 	 	 	 	 	 	 
George Chakiris	 	 	 	 	 	 	 	 	 	 	 	 	 	 	 	 	 	 	 	 	 	 	 	 	 	 	 	 	 	 	 	 	 	 	 	-30	 	 	 	 	 	 	 	36	 	 	 	 	 	 
 Marcello Mastroianni	 	 	 	 	 	 	 	 	 	 	 	 	 	 	 	 	 	 	 	 	 	 	 	 	 	 	 	 	 	 	 	 	 	 	 	 	 	 	 	 	 	 	 	 	 	 	 	 	67	 
Gale Sondergaard	 	 	 	 	 	 	 	 	 	 	 	 	 	 	 	 	 	 	 	 	 	 	12	 	 	 	-6	 	 	 	 	 	 	 	 	 	 	 	 	 	 	 	 	 	 	 	51	 	 	 
 James Coburn	 	 	 	 	 	 	 	 	 	 	 	 	 	 	 	 	 	 	 	 	 	 	 	 	 	 	 	 	 	-12	 	 	 	 	 	 	 	 	 	 	 	 	 	 	 	 	 	 	 	27
 Jose Ferrer	 	 	 	 	 	 	 	 	 	 	 	 	 	 	 	 	 	 	 	 	 	 	 	 	 	 	 	 	 	 	-30	 	 	-2	 	 	 	-58	 	 	-29	 	4	 	 	 	 	 	 	-2
 Gig Young	 	 	 	 	 	 	 	 	 	 	 	 	 	 	 	 	 	 	 	 	 	 	 	 	 	 	 	 	 	 	 	 	 	 	 	-48	 	-41	 	 	 	 	 	-21	 	 	 	 	 	 
 Terry Moore	 	 	 	 	 	 	 	 	 	 	 	 	 	 	 	 	 	 	 	 	 	 	 	 	 	 	 	 	45	 	 	 	-42	 	 	 	 	 	 	 	 	-10	 	53	 	-14	 	 	 	 
John Huston	 	 	 	 	 	 	 	 	 	 	 	 	 	 	 	 	 	27	 	 	 	 	 	 	 	 	-18	 	 	-18	 	 	 	 	 	 	-59	 	 	 	 	 	 	 	 	 	 	 	58	 
Eileen Heckart	 	 	 	 	 	 	 	 	 	 	 	 	 	 	 	 	 	 	 	 	 	 	 	 	 	 	 	 	 	 	 	 	 	 	 	 	 	 	 	 	 	 	 	 	67	 	-48	 	-56	 
Carol Kane	 	 	 	 	 	 	 	 	 	 	 	 	 	 	 	-1	 	 	 	 	 	 	 	 	 	 	 	 	-17	 	 	 	 	 	 	 	 	 	 	 	 	 	 	 	 	 	 	 	 	 
 Juliette Binoche	 	 	 	 	 	 	 	 	 	 	 	 	 	 	 	 	 	 	 	 	 	 	 	 	 	 	 	 	-12	 	 	 	 	 	 	 	 	 	 	 	 	 	 	 	 	 	 	 	 	 
Anne Bancroft	 	 	 	 	 	 	 	 	 	 	 	 	 	 	 	 	 	 	 	 	 	 	 	 	 	 	 	 	 	 	-29	 	 	 	 	-35	 	 	 	 	 	 	3	 	 	 	 	 	 	-5
 Paul Scofield	 	 	 	 	 	 	 	 	 	 	 	 	 	 	 	 	 	 	 	 	 	 	 	 	 	 	 	 	 	 	 	 	 	 	 	-25	 	 	 	 	 	 	-30	 	 	 	 	 	 	 
 Greer Garson	 	 	 	 	 	 	 	 	-14	 	 	 	 	 	 	 	 	 	 	 	 	 	 	 	 	 	 	 	 	 	 	 	 	 	 	 	 	 	 	 	 	 	 	 	 	 	 	 	 	 
Faye Dunaway	 	 	 	 	 	 	 	 	 	 	 	 	 	 	 	 	 	 	 	 	26	 	 	 	 	 	 	 	-11	 	 	 	 	 	 	 	 	 	 	 	 	 	-64	 	 	 	 	 	 	 
 Miriam Hopkins	 	 	 	 	 	 	 	 	 	 	 	 	 	 	 	 	 	 	 	15	 	 	 	-7	 	 	 	 	 	 	 	 	 	 	 	 	 	 	 	 	 	 	 	 	 	 	 	 	 	 
 Hume Cronyn	 	 	 	 	-6	 	 	 	 	 	 	 	 	 	 	 	 	 	 	 	 	 	 	 	 	 	15	 	 	 	 	 	-56	-56	9	9	 	40	 	 	 	 	 	 	 	 	 	 	-21	 
Greta Garbo	 	 	 	 	 	 	 	 	 	 	 	 	 	 	 	 	 	 	 	 	 	 	 	 	 	 	 	 	 	42	 	 	 	 	 	 	 	 	 	 	 	 	 	 	 	 	 	 	 	 
 Hugh Griffith	 	 	 	 	 	 	 	 	5	 	 	 	 	 	 	 	 	 	 	 	 	1	 	 	 	 	 	 	 	 	 	 	 	 	 	 	 	 	 	 	 	 	 	 	 	 	 	 	 	 
 Gregory La Cava	 	 	 	 	 	 	 	 	 	 	 	 	 	 	 	 	 	 	 	 	 	 	 	 	 	 	 	 	 	 	 	 	 	 	 	23	23	 	 	 	 	 	 	 	 	 	 	 	 	 
Delbert Mann	 	 	 	 	 	 	 	 	 	 	 	 	 	 	 	 	 	 	 	 	 	 	 	 	 	 	 	 	 	 	 	 	 	 	 	 	 	 	 	 	 	 	 	-54	 	-20	 	 	-16	-16
Ingrid Bergman	 	 	 	 	 	 	 	 	 	 	 	 	 	 	 	 	 	 	 	 	 	 	 	 	 	 	 	 	 	 	 	-44	-44	 	 	 	 	 	 	 	 	 	 	 	 	 	 	 	 	 
 Jack Palance	 	 	 	 	 	 	 	 	 	 	 	 	 	 	 	 	 	 	 	 	 	 	 	 	 	 	 	 	 	 	 	 	 	 	 	 	 	 	-44	 	63	63	 	 	 	26	 	 	 	 
Gene Kelly	 	 	 	 	 	 	 	 	 	 	 	 	 	 	 	 	 	 	 	 	 	 	 	 	 	 	 	 	 	 	 	 	 	-55	 	22	 	 	-57	 	40	 	 	 	 	-38	 	 	 	-21
Eileen Brennan	 	 	 	 	 	 	 	 	 	 	 	 	 	 	 	 	 	 	 	 	 	 	 	 	 	 	 	 	 	 	 	 	 	 	 	-21	 	-11	 	 	 	 	 	 	 	 	 	 	 	 
 Barbara Bel Geddes	 	 	 	 	 	 	 	 	 	 	 	 	 	 	 	 	 	 	 	 	 	 	 	 	 	 	 	 	 	 	 	 	-8	 	 	 	 	 	 	29	 	 	 	 	 	 	 	 	 	 
 Ronald Colman	 	 	 	 	-4	 	 	 	 	 	 	 	 	 	 	 	 	 	 	 	 	 	 	 	 	 	 	 	 	 	 	 	 	 	 	 	 	 	 	 	 	 	 	 	 	 	 	 	 	 
 Rock Hudson	 	 	 	 	 	 	 	 	 	 	 	 	 	 	 	 	 	 	 	 	-24	 	 	 	 	 	 	 	 	 	 	 	 	 	 	 	 	 	-11	-11	-11	-11	-11	-11	 	 	 	-14	 	-15
Terence Malick	 	 	 	 	 	 	 	 	 	 	-2	 	 	 	 	 	 	 	 	 	 	 	 	 	 	 	 	 	 	 	 	 	 	 	 	 	 	 	 	 	 	 	 	 	 	 	 	 	 	 
Alec Baldwin	 	 	 	 	 	 	 	 	 	 	 	 	 	 	 	 	 	 	 	 	 	 	 	 	 	 	 	 	 	 	 	 	 	 	 	 	 	 	 	-38	 	 	 	 	 	 	 	 	 	 
 John Hawkes	 	 	 	 	 	 	 	 	 	 	 	 	 	 	 	5	 	 	 	 	 	 	 	 	 	 	 	 	 	 	 	 	 	 	 	 	 	 	 	 	 	67	 	 	 	 	 	 	 	 
Janet Gaynor	 	 	 	 	 	 	 	 	 	 	 	 	 	-5	-5	 	 	 	 	 	 	 	 	 	 	 	 	 	 	-46	 	 	 	 	 	 	 	 	 	 	 	 	 	51	 	 	 	 	 	 
Susan Hayward	 	 	 	 	 	 	 	 	 	 	 	 	 	 	 	 	 	 	 	 	 	 	 	 	 	 	 	 	 	13	 	-36	 	 	 	 	 	 	 	 	-14	 	 	 	 	 	 	 	 	 
 Delbert Mann	 	 	 	 	 	 	 	 	 	 	 	 	 	 	 	 	 	 	 	 	 	 	 	 	 	 	 	 	 	 	 	 	 	 	 	 	 	 	 	 	 	 	 	 	 	 	-27	 	 	 
 Ava Gardner	 	 	 	 	 	 	 	 	 	 	 	 	 	 	 	 	 	 	 	 	 	 	 	 	 	 	 	 	 	 	 	 	52	 	-39	 	 	 	 	 	 	 	 	 	 	 	 	-27	 	 
Robert Stevenson	 	 	 	 	 	 	 	 	 	 	 	 	 	 	 	 	 	 	 	 	 	 	 	 	 	 	 	 	 	 	 	-3	 	 	 	 	 	 	 	 	 	 	 	 	 	 	 	 	 	 
Ned Beatty	 	 	 	 	 	 	 	 	 	 	 	 	 	 	 	 	 	 	 	 	 	 	 	 	 	 	 	 	 	 	 	 	 	 	 	 	 	 	 	 	 	-38	 	 	 	 	 	 	 	 
 John Mills	 	 	 	 	 	 	 	 	 	 	 	 	 	 	 	 	 	 	 	 	 	2	 	 	 	 	 	-4	 	 	 	 	-29	 	 	 	 	 	 	 	 	 	61	 	 	 	 	 	-12	 
 Russ Tamblyn	 	 	 	 	 	 	 	 	 	 	 	 	 	 	 	 	 	 	 	-28	 	 	 	 	 	 	 	 	 	 	 	 	 	 	 	 	 	 	 	 	 	 	7	7	 	 	 	 	 	 
 Toni Collette	 	 	 	 	 	 	 	 	 	 	 	 	 	 	 	 	 	-8	 	 	 	 	 	 	 	 	 	 	 	 	 	 	 	18	 	 	 	 	 	 	 	 	 	 	38	 	 	 	 	 
 Max von Sydow	 	 	 	 	 	 	 	 	 	 	 	 	 	 	 	 	 	 	 	 	 	 	 	 	 	45	 	 	 	 	 	 	 	 	 	 	 	 	 	 	 	 	 	 	 	 	 	70	 	-55
 Walter Huston	 	 	 	 	-16	 	 	 	 	 	 	 	 	 	 	 	 	 	 	25	25	-4	 	 	 	 	 	 	 	-17	-17	-17	-17	-17	26	 	-58	 	 	 	 	-37	 	 	 	 	 	 	 	 
Nina Foch	 	 	 	 	 	 	 	 	 	 	 	 	 	 	 	 	 	 	 	 	 	 	 	 	 	 	 	 	 	 	 	 	 	56	 	 	 	-32	 	 	 	-42	-42	 	22	 	 	 	 	 
Jules Dassin	 	 	 	 	 	 	 	 	 	 	 	 	 	 	 	 	 	 	 	 	 	 	 	 	 	 	 	 	 	 	 	 	 	 	 	 	 	 	 	 	 	29	 	 	 	18	 	 	50	 
 J. Carrol Naish	 	 	0	 	-13	 	 	 	 	 	 	 	 	 	 	 	8	 	 	-14	-5	-5	 	32	28	 	 	 	25	25	 	 	-38	 	 	41	 	 	16	 	 	 	 	31	-20	 	 	 	 	 
Lana Turner	 	 	 	 	 	 	 	 	 	 	 	 	 	 	 	 	 	 	 	 	 	 	 	 	 	 	2	 	 	 	 	 	 	 	 	 	 	 	 	 	 	3	 	 	 	 	 	-73	 	 
 Tuesday Weld	 	 	 	 	 	 	 	 	 	 	 	 	 	 	 	 	 	 	 	 	 	 	 	 	 	 	 	 	 	 	 	 	 	 	 	 	 	 	 	 	 	 	 	 	 	 	 	-43	 	1
 Wendy Hiller	 	 	 	 	 	 	 	 	 	 	 	 	 	 	 	 	 	 	 	 	 	 	 	 	 	 	44	 	 	-23	 	 	 	 	 	 	 	 	 	-35	 	 	 	 	 	 	 	 	 	 
Alan Arkin	 	 	 	 	 	 	 	 	 	 	 	 	 	 	 	 	 	 	 	 	 	 	 	 	 	 	 	 	 	 	 	 	 	 	 	 	 	 	 	 	 	 	 	 	 	-8	 	 	 	 
Jim Broadbent	 	 	 	 	 	 	 	 	 	 	 	 	 	 	 	 	 	 	 	 	 	 	 	 	 	 	 	 	 	 	 	 	 	 	 	 	 	 	 	 	 	 	 	 	27	 	 	 	 	 
Jack Warden	 	 	 	 	 	 	 	 	 	 	 	 	 	 	 	 	 	 	 	 	 	 	 	 	 	 	 	 	 	 	 	 	 	 	 	 	 	-21	-21	 	 	 	60	 	 	-43	 	-54	 	 
 Shelley Winters	 	 	 	 	 	 	 	 	 	 	 	 	 	 	 	 	 	 	 	 	 	 	 	 	 	 	 	 	 	 	 	 	 	 	 	 	-53	 	 	 	 	 	 	-25	 	 	 	72	 	 
Diane Varsi	 	 	 	 	 	 	 	 	 	 	 	 	 	 	 	 	 	 	 	 	 	 	 	 	 	 	 	 	 	 	 	 	 	 	 	 	 	 	 	 	 	 	 	 	 	-15	 	 	 	 
Anouk Aimee	 	 	 	 	 	 	 	 	 	 	 	 	 	 	 	 	 	 	 	 	 	 	 	 	 	 	 	 	 	 	 	 	 	 	 	 	 	 	 	 	 	 	 	 	 	 	 	66	66	 
Robert Loggia	 	 	 	 	 	 	 	 	 	 	 	 	 	 	 	 	 	 	 	 	 	 	 	 	 	 	 	 	 	 	 	 	 	 	 	 	 	 	 	 	 	 	 	 	 	 	7	 	 	 
 Richard Dreyfuss	 	 	 	 	 	 	 	 	 	 	 	 	 	 	 	 	 	 	 	 	 	 	 	 	 	 	 	 	 	 	 	 	 	 	 	-19	 	 	 	 	 	 	 	 	 	 	 	7	 	 
 Don Ameche	 	 	 	 	 	 	 	 	 	 	 	 	 	 	 	 	 	 	 	 	 	 	 	 	 	-11	 	 	 	 	 	 	 	 	 	 	 	 	 	 	 	 	 	 	 	 	 	 	 	 
Carey Mulligan	 	 	 	 	 	 	 	 	 	 	 	 	 	 	 	 	 	 	 	 	 	 	 	 	 	 	 	 	 	 	 	 	 	 	 	 	 	 	 	 	 	 	 	 	 	 	 	 	 	-54
 Rosie Perez	 	 	 	 	 	 	 	 	-13	 	 	 	 	7	 	 	 	 	 	 	 	 	 	 	 	 	 	 	 	 	 	 	 	 	 	 	 	 	 	 	 	 	 	 	 	 	 	 	 	 
 Shirley MacLaine	 	 	 	 	 	 	 	 	 	 	 	 	 	 	 	 	 	 	 	 	 	 	 	 	 	 	 	 	 	 	 	 	 	 	 	 	 	 	 	 	 	 	 	 	 	 	-50	-50	 	 
 Eva Marie Saint	 	 	 	 	4	 	 	 	 	 	 	 	 	 	 	 	 	 	 	 	 	 	 	 	 	 	 	 	 	 	 	 	 	 	 	 	 	 	 	 	 	-58	-58	 	 	 	 	 	 	 
Eva Marie Saint	 	 	 	 	 	 	 	 	 	 	 	 	 	 	 	 	 	 	 	 	 	 	 	 	 	 	 	 	 	 	 	 	 	 	 	 	 	 	 	 	 	 	 	 	 	60	 	 	5	 
 Ann Sothern	 	 	 	 	 	 	 	 	 	 	 	 	 	 	 	 	 	 	2	 	 	 	 	 	 	 	 	 	 	 	 	 	 	 	 	 	 	 	 	 	 	 	 	 	 	 	 	 	 	 
 Faye Dunaway	 	 	 	 	 	 	 	 	 	 	 	 	 	 	 	 	 	 	 	 	 	 	 	 	 	 	 	 	 	 	 	 	 	 	 	 	 	 	 	-41	 	 	 	 	 	 	 	 	 	 
Raymond Massey	 	 	 	 	 	 	 	 	 	 	 	 	 	 	 	 	 	 	 	 	 	 	 	 	 	 	 	 	 	 	 	-33	 	 	 	 	 	 	 	 	 	 	 	 	 	 	 	 	 	 
 Mercedes Ruehl	 	 	 	 	 	 	 	 	 	 	 	 	 	 	 	 	 	 	 	 	 	 	 	 	 	 	 	 	-10	 	 	 	 	 	 	 	 	 	 	 	 	 	 	2	 	 	 	 	 	 
Jason Robards	 	 	 	 	 	 	 	 	 	 	 	 	 	 	 	 	 	 	 	 	 	 	 	15	 	42	 	 	 	 	 	 	 	 	 	 	 	 	 	 	 	 	 	 	 	 	 	 	 	 
 Tom Hooper	 	 	 	 	 	 	 	 	 	 	 	 	 	 	 	 	 	 	 	 	5	 	 	 	 	 	 	 	 	 	 	 	 	 	 	 	 	 	 	 	 	 	 	 	 	 	 	 	 	 
Shelley Winters	 	 	 	 	 	 	 	 	 	 	 	 	 	 	 	 	 	 	 	 	 	 	 	 	 	 	 	 	 	 	 	 	 	 	 	 	 	30	 	 	 	 	 	 	 	 	 	 	 	 
 Oskar Homolka	-1	 	 	 	 	 	 	 	 	 	 	 	 	 	 	 	 	 	 	 	-22	 	 	 	 	15	 	 	 	 	 	-15	 	 	 	 	-47	 	 	 	 	 	 	26	26	 	-1	 	 	 
 Victor McLaglen	 	 	 	 	 	 	 	 	 	 	 	 	 	 	 	 	 	 	 	 	 	 	 	 	 	 	 	-10	 	 	 	-4	 	 	 	 	 	-54	 	 	46	 	 	 	 	 	 	 	 	 
 Luise Rainer	 	 	 	 	 	 	 	 	 	 	 	 	 	 	 	 	 	 	 	 	 	 	 	 	 	 	 	 	 	 	 	 	 	17	 	 	 	 	 	 	 	 	 	 	 	 	 	 	 	 
Billy Wilder	 	 	 	 	 	 	 	 	 	 	 	 	 	 	 	 	 	 	 	 	 	 	 	 	 	 	 	 	 	 	 	36	 	6	 	 	 	 	 	 	 	25	25	25	 	 	 	10	 	-51
 Susannah York	 	 	 	 	 	 	 	 	 	 	 	 	 	 	 	 	14	 	 	 	 	 	 	 	 	 	 	 	 	 	 	 	 	 	 	 	 	 	 	 	 	 	 	 	 	 	 	 	 	 
 Raymond Massey	 	 	 	 	 	 	 	 	 	 	 	 	 	 	 	 	 	 	 	 	 	 	 	10	 	 	 	 	 	-1	 	 	-3	 	 	-6	 	 	 	 	 	 	 	-49	 	 	 	 	 	 
Bruce Dern	 	 	 	 	 	 	 	 	 	 	 	 	 	 	 	 	 	 	 	 	 	 	 	 	 	 	 	 	 	 	 	 	 	 	 	 	 	2	 	 	 	 	 	 	 	 	 	 	-62	 
Dorothy McGuire	 	 	 	 	 	 	 	 	 	 	 	 	 	 	 	 	 	 	 	 	 	 	 	 	 	 	 	 	 	 	 	 	 	 	 	 	-34	 	 	24	 	 	 	 	 	 	 	-13	-13	 
Jean Simmons	 	 	 	 	 	 	 	 	 	 	 	 	 	 	 	 	 	 	 	 	 	 	 	 	 	 	 	 	 	 	 	 	 	 	 	 	 	 	 	 	 	 	 	 	3	 	58	 	 	 
 Jeff Chandler	 	 	 	 	 	 	 	 	 	 	 	 	 	 	 	 	 	 	 	 	 	 	 	 	 	 	 	 	 	 	 	 	 	 	 	 	 	15	 	 	 	 	 	 	 	1	 	-9	 	-1
Celia Johnson	 	 	 	 	 	 	 	 	 	 	 	 	 	 	 	 	 	 	 	 	 	3	 	 	 	 	 	 	 	 	-45	 	-28	 	 	 	 	 	 	 	 	 	 	 	 	 	 	 	 	 
 Oprah Winfrey	 	 	 	 	 	 	 	 	-8	 	 	 	 	 	 	 	 	 	 	 	 	 	 	 	 	 	 	 	 	 	 	 	 	 	 	 	 	 	 	 	 	 	 	 	 	 	 	 	 	 
 Joan Blondell	 	 	 	 	 	 	 	 	 	 	 	 	 	-1	 	 	 	 	-4	-4	-4	-14	 	 	9	 	 	-27	 	-45	 	42	 	 	 	 	 	 	 	57	 	 	 	 	 	8	 	 	 	-26
 Jennifer Lawrence	 	 	 	 	 	 	 	 	0	 	 	 	 	 	 	 	 	 	 	 	 	 	 	 	 	 	 	 	 	 	 	 	 	 	 	 	 	 	 	 	 	 	 	 	 	 	 	 	 	 
 Thomas Haden Church	 	 	 	 	 	 	 	 	 	 	 	 	 	 	 	6	 	 	 	 	 	 	 	 	 	 	 	 	 	 	 	 	 	 	 	 	 	 	 	 	 	 	 	 	 	 	 	 	 	 
Eva Le Gallienne	 	 	 	 	 	 	 	 	 	 	 	 	 	 	 	 	 	 	 	 	 	 	 	 	 	 	 	 	 	 	 	 	 	 	 	 	 	 	 	 	 	 	 	48	 	 	 	 	 	 
Gene Tierney	 	 	 	 	 	 	 	 	 	 	 	 	 	 	 	 	 	 	 	 	 	 	 	 	 	 	 	 	 	 	 	 	 	 	 	 	 	 	13	 	 	 	 	 	 	 	 	 	 	 
 Jean Dujardin	 	 	 	 	 	 	 	 	 	 	 	 	 	 	 	 	 	 	 	 	 	 	 	 	 	 	 	 	 	 	 	 	 	 	 	 	 	 	 	 	 	 	 	 	 	 	-6	 	 	 
 Lana Turner	 	 	 	 	 	 	 	 	 	 	 	 	 	 	 	 	 	 	 	16	 	 	 	 	 	 	 	 	-54	-54	 	-7	 	2	 	-43	 	 	 	 	 	 	 	 	-17	-17	 	 	 	13
 Greta Garbo	 	 	 	 	 	 	 	 	 	 	 	 	 	 	 	 	 	 	 	 	 	 	 	 	-7	 	 	33	 	 	 	 	 	 	 	 	 	 	 	 	 	 	 	 	 	 	 	 	 	 
 Anthony Quinn	 	 	 	 	 	 	 	 	 	 	 	 	 	 	 	 	 	 	 	 	 	 	 	 	 	 	 	 	 	 	 	 	 	 	 	 	 	 	 	 	 	 	 	 	 	22	 	 	 	 
Walter Matthau	 	 	 	 	 	 	 	 	 	 	 	 	 	 	 	 	 	 	 	 	 	 	 	 	 	 	 	 	 	 	 	 	 	 	 	 	 	 	 	 	 	 	 	 	 	 	 	 	62	 
 Hope Lange	 	 	 	 	 	 	 	 	 	 	 	 	 	 	 	 	 	 	 	 	 	 	 	 	 	 	 	 	 	 	 	 	 	 	 	 	 	-12	 	21	 	 	 	 	 	-16	 	26	 	 
Catherine Zeta-Jones	 	 	 	 	 	 	 	 	 	 	 	 	 	 	 	 	 	 	 	 	 	 	 	 	 	 	 	 	 	 	 	 	 	19	 	 	 	 	 	 	 	 	 	 	 	 	 	 	 	 
 Paul Muni	 	 	 	 	 	 	 	 	 	 	 	 	 	 	 	 	 	 	 	 	 	 	 	 	 	 	 	11	 	 	 	-11	 	57	57	 	 	 	 	 	 	 	 	 	 	 	 	 	 	 
James Gleason	 	 	 	 	 	 	 	 	 	 	 	 	 	 	 	 	 	 	 	 	 	 	 	 	 	 	 	 	 	21	 	 	 	 	-53	 	 	 	 	 	 	 	 	 	 	 	 	 	 	 
James Mason	 	 	 	 	 	 	 	 	 	 	 	 	 	 	 	 	 	 	 	 	 	 	 	 	 	 	 	 	 	 	 	 	 	 	 	 	 	 	-10	 	 	 	 	 	 	 	 	 	41	41
 Kim Stanley	 	 	 	 	 	 	 	 	 	 	 	 	 	 	 	 	 	 	 	 	 	 	 	 	 	 	 	 	 	 	 	 	 	 	 	 	 	 	 	 	 	 	 	 	 	 	-41	 	 	 
 Rosamund Pike	 	 	 	 	 	 	 	 	 	 	 	 	 	 	 	 	 	 	 	 	 	 	 	 	 	 	 	 	 	 	 	 	-43	 	 	 	 	 	 	 	 	 	 	 	 	 	 	 	 	4
Catherine Keener	 	 	 	 	 	 	 	 	-20	 	 	 	 	 	 	 	 	 	 	 	 	 	 	 	 	 	 	 	 	 	 	 	 	 	 	 	 	 	 	 	 	 	 	 	-16	 	 	 	 	 
 Victor Buono	 	 	 	 	 	 	 	 	 	 	 	 	 	 	 	 	 	 	 	 	 	 	 	 	 	 	 	 	 	 	 	 	 	 	 	 	 	 	 	 	 	-62	 	 	 	 	 	 	 	51
Elizabeth McGovern	 	 	 	 	 	 	 	 	 	 	 	 	 	 	 	 	 	 	 	 	 	 	 	 	 	 	 	 	 	 	 	 	 	 	 	 	 	 	 	 	 	 	 	 	 	 	 	 	-67	 
 Julie Walters	 	 	 	 	 	 	 	 	 	 	 	 	 	 	 	 	 	 	 	 	 	 	 	 	 	 	 	 	 	 	 	 	 	 	 	 	 	 	 	 	42	 	 	 	 	 	 	 	 	 
Gregory La Cava	 	 	 	 	 	 	 	 	 	 	 	 	 	 	 	-4	 	 	 	 	-28	 	 	 	 	 	 	 	 	 	-36	 	 	 	 	 	 	 	 	 	 	 	 	 	 	 	 	 	 	 
Hugh Jackman	 	 	 	 	 	 	 	 	 	 	 	 	 	 	 	 	 	 	 	 	 	 	 	 	 	 	 	 	 	 	 	 	 	 	 	 	 	 	 	 	 	 	 	 	-24	 	 	 	 	 
Margaret Rutherford	 	 	 	 	 	 	 	 	 	 	 	 	 	 	 	 	 	 	 	 	 	 	 	 	 	 	 	 	 	17	 	 	 	 	 	 	 	 	 	 	 	 	 	 	 	 	 	53	 	 
Harvey Keitel	 	 	 	 	 	 	 	 	4	 	 	 	 	6	 	 	 	 	 	 	 	 	 	 	 	 	 	 	 	 	 	 	 	 	 	 	 	 	 	 	 	 	 	 	 	 	 	 	 	 
 Sam Wood	 	 	 	 	 	 	 	 	 	 	 	 	 	 	 	 	 	 	19	 	 	 	 	 	 	-7	-7	-7	-7	 	 	-46	 	33	 	 	 	 	 	 	 	 	 	 	 	 	 	 	 	 
Jackie Cooper	 	 	 	 	 	 	 	 	 	 	 	 	 	 	 	 	 	 	 	 	 	 	 	 	 	 	 	 	 	-53	 	 	 	 	 	 	 	 	 	 	 	 	 	 	 	 	 	 	 	 
 Burgess Meredith	 	 	 	 	 	 	 	 	 	 	 	 	 	 	 	 	 	 	 	 	 	 	 	 	 	39	 	 	 	-4	 	 	 	 	 	 	 	 	 	 	 	 	 	 	 	 	 	 	 	 
Alan Alda	 	 	 	 	 	 	 	 	 	 	 	 	 	 	 	 	 	 	 	 	 	 	 	 	1	10	 	 	 	 	 	 	 	42	 	 	 	 	 	 	 	 	 	 	 	 	 	 	 	 
Barbara Barrie	 	 	 	 	 	 	 	 	 	 	 	 	 	 	 	 	 	 	 	 	 	 	 	 	 	 	 	 	 	-10	 	 	 	 	33	 	 	 	 	 	 	-59	 	 	 	 	 	-32	 	 
 Wes Anderson	 	 	 	 	 	 	 	 	 	 	 	 	 	 	 	-8	 	 	 	 	 	 	 	 	 	 	 	 	 	 	 	 	 	 	 	 	 	 	 	 	 	 	 	 	 	 	 	 	 	 
George Segal	 	 	 	 	 	 	 	 	 	 	 	 	 	 	 	 	 	 	 	 	 	 	 	 	 	 	 	41	 	 	 	 	 	 	 	 	 	 	 	 	 	 	 	 	 	 	 	 	 	 
Angela Bassett	 	 	 	 	 	 	 	 	 	 	 	 	 	 	 	 	 	22	 	 	 	 	 	 	 	 	 	 	 	 	 	 	 	 	 	 	 	 	 	 	 	 	 	 	 	 	 	 	 	 
 Irene Dunne	 	-3	 	 	 	 	 	 	-15	 	 	 	 	 	 	 	 	 	 	-29	-29	 	 	1	 	 	 	 	-37	-37	-37	 	 	 	 	 	-48	 	 	 	 	 	 	 	 	 	 	 	 	 
Greer Garson	 	 	 	 	 	 	 	 	 	 	 	 	 	 	 	 	 	 	 	 	 	 	 	 	 	 	 	-5	 	 	9	 	 	 	 	 	 	-37	 	-55	 	 	 	 	 	 	 	 	-20	 
Adrien Brody	 	 	 	 	 	 	 	 	 	 	 	 	 	 	 	 	 	 	 	 	 	 	 	 	 	 	 	 	 	 	 	 	 	 	 	 	 	 	 	 	 	 	 	 	 	 	 	 	-45	 
 Terrence Malick	 	 	 	 	 	 	 	 	 	 	-1	 	 	 	 	 	 	 	 	 	 	 	 	 	 	 	 	 	 	 	 	 	 	 	 	 	 	 	 	 	 	 	 	 	 	 	 	 	 	 
 Isabelle Adjani	 	 	 	 	 	 	 	 	-1	 	 	 	 	 	 	 	 	 	 	 	 	 	 	 	 	 	 	 	 	 	 	 	 	 	 	 	 	 	 	 	 	 	 	-64	 	 	 	 	 	 
 Jennifer Jason Leigh	 	 	 	 	 	 	 	 	 	 	 	 	 	 	 	 	 	 	 	 	 	 	 	 	 	 	 	 	 	 	 	 	 	 	 	 	 	 	 	 	 	 	 	44	 	 	 	 	 	 
Ann Sothern	 	 	 	 	 	 	 	 	 	 	 	 	 	 	 	 	 	13	 	 	 	 	18	 	-12	-12	 	14	 	 	 	51	51	 	 	14	 	-7	-7	 	 	 	 	 	 	 	 	 	 	 
 Brandon deWilde	 	 	 	 	 	 	 	 	 	 	 	 	 	 	 	 	 	 	 	 	 	 	 	 	 	 	 	 	 	 	 	 	 	 	 	 	 	 	 	 	 	65	 	 	 	 	 	 	 	 
Barbra Streisand	 	 	 	 	 	 	 	 	 	 	 	 	 	 	 	 	 	 	 	 	 	 	 	 	 	 	 	 	 	 	 	 	 	 	 	 	 	 	 	 	 	 	-5	 	 	 	 	 	 	 
 Richard Widmark	 	 	 	 	-11	 	 	 	 	 	 	 	 	 	 	 	 	 	 	 	 	 	 	 	 	 	 	 	 	 	 	 	 	 	 	 	 	 	 	 	 	 	 	 	 	 	 	 	 	 
 Jeremy Irons	 	 	 	 	 	 	 	 	 	 	 	 	-4	 	 	 	 	 	 	 	 	 	 	 	 	 	 	 	 	-22	 	 	 	 	 	 	 	 	 	 	 	 	 	 	 	 	 	 	 	 
Margaret Sullavan	 	 	 	 	 	 	 	 	 	 	 	 	 	 	 	 	 	 	 	 	 	 	 	 	 	 	 	 	 	 	 	 	 	 	 	 	 	 	59	 	 	 	 	 	 	 	 	 	 	-67
Denholm Elliott	 	 	 	 	 	 	 	 	 	 	 	 	 	 	 	 	 	 	 	 	 	 	 	 	-8	 	 	 	 	 	 	 	5	 	 	 	 	 	 	 	 	 	 	 	 	 	 	 	 	 
Michael Redgrave	 	 	 	-2	 	 	 	 	 	 	 	-2	 	 	 	 	 	 	 	 	 	 	 	 	 	 	-3	 	 	 	 	 	 	 	 	 	 	 	 	 	 	 	 	 	 	 	 	 	 	 
 Paulette Goddard	 	 	 	 	 	 	 	 	 	 	 	 	 	 	 	 	 	 	 	11	 	 	17	 	 	 	1	 	 	 	 	 	 	14	 	-16	 	 	 	 	 	 	 	 	 	 	-3	 	 	 
James Dean	 	 	 	 	 	 	 	 	 	 	 	 	 	 	 	 	 	 	 	 	 	 	 	 	 	 	 	 	 	 	 	 	 	 	 	 	 	 	 	 	-9	 	 	 	 	 	 	 	 	 
 Howard Rollins	 	 	 	 	 	 	 	 	 	 	 	 	 	 	 	 	 	 	 	 	 	 	 	 	 	 	 	 	 	 	 	 	 	 	 	 	 	 	 	 	-36	 	 	 	 	 	 	 	 	 
Burgess Meredith	 	 	 	 	 	 	 	 	 	 	 	 	 	 	 	 	 	 	 	 	 	 	 	 	 	2	 	 	-36	 	 	 	 	 	 	 	 	 	 	 	 	 	 	 	 	 	 	 	 	 
 Gloria Swanson	 	 	 	 	 	 	 	 	 	 	 	 	 	1	 	 	 	-4	 	 	 	 	 	 	-11	 	 	 	 	 	 	 	 	 	 	 	 	 	 	 	 	 	 	 	 	 	 	 	 	 
 Peter Finch	 	 	 	 	 	 	 	 	 	 	 	 	 	 	 	 	 	 	 	 	 	 	 	 	 	 	 	 	 	 	 	 	 	 	 	 	 	 	 	 	 	 	 	 	 	 	 	40	40	 
Frederic Forrest	 	 	 	 	 	 	 	 	 	 	 	 	 	 	 	 	 	 	 	 	 	 	 	 	 	 	 	 	 	 	 	0	 	 	 	 	 	 	 	 	 	51	 	 	 	 	 	 	 	 
Adriana Barraza	 	 	 	 	 	 	 	 	 	 	 	 	1	 	 	 	 	 	 	 	 	 	 	 	 	 	 	 	 	 	 	 	 	 	 	 	 	 	 	 	 	 	 	 	 	 	 	 	 	 
Robert Forster	 	 	 	 	 	 	 	 	 	 	 	 	 	 	 	 	 	 	 	 	 	 	 	 	 	 	 	 	 	 	 	 	 	 	 	 	 	 	 	 	 	 	-22	 	 	 	 	 	 	 
 Thelma Ritter	 	 	 	 	 	 	 	 	 	 	 	 	 	 	 	 	 	 	 	 	 	 	 	 	 	 	 	 	 	 	 	 	 	 	 	 	 	-6	 	 	-15	 	-23	 	 	 	 	-40	 	 
 Laura Linney	 	 	 	 	 	 	 	 	 	 	 	 	 	 	 	 	 	 	 	 	 	 	 	 	 	 	 	 	 	 	 	 	 	43	 	 	 	 	 	 	 	 	 	 	 	 	 	 	 	 
 Eileen Brennan	 	 	 	 	 	 	 	 	 	 	 	 	 	 	 	 	 	 	 	 	 	 	-24	 	 	 	 	 	 	 	 	 	 	 	 	 	 	 	 	 	 	 	 	 	 	 	 	 	 	 
James Cagney	 	 	 	 	 	 	 	 	 	 	 	 	 	 	 	 	 	 	-3	-3	0	 	 	 	 	 	 	 	 	 	-16	 	 	-49	 	18	 	 	-29	 	45	 	 	 	 	 	 	 	 	 
 Dyan Cannon	 	 	 	 	 	 	 	 	-11	 	 	 	 	 	 	 	 	 	 	 	 	 	 	 	 	 	 	 	 	 	 	 	 	 	 	 	 	 	 	 	 	 	 	 	 	 	 	 	 	 
 Gloria Grahame	 	 	 	 	 	 	 	 	 	 	 	 	 	 	 	 	 	 	 	 	 	 	 	 	 	 	 	 	 	 	 	 	 	 	-43	 	 	 	 	 	 	-14	 	-34	-31	 	 	-19	 	 
 Julie Christie	 	 	 	 	 	 	 	 	-6	 	 	 	 	 	 	 	 	 	 	 	 	 	 	 	 	 	 	 	 	 	 	 	 	 	 	 	 	 	 	 	 	 	 	 	 	 	 	 	 	 
 Winona Ryder	 	 	 	 	 	 	 	 	 	 	 	 	 	 	 	 	 	 	 	 	 	 	 	 	 	 	 	 	9	 	 	 	 	 	 	 	 	 	 	 	 	 	 	 	 	 	 	 	 	 
Dorothy Malone	 	 	 	 	 	 	 	 	 	 	 	 	 	 	 	 	 	 	 	 	 	 	 	 	 	-18	 	 	 	 	 	 	 	 	 	 	 	 	 	 	 	 	 	-48	 	 	 	 	 	 
Hume Cronyn	 	 	 	 	 	 	 	 	 	 	 	 	 	 	 	 	 	 	 	 	 	 	 	 	 	 	 	 	 	 	 	12	 	 	 	 	 	 	 	-26	 	 	 	 	 	 	 	 	 	 
 Janet McTeer	 	 	 	 	 	 	 	 	 	 	 	 	 	 	 	 	 	 	 	 	 	 	 	 	 	 	 	 	 	 	 	 	 	 	 	 	 	 	 	 	 	 	 	 	 	-37	 	 	 	 
 Nancy Kelly	 	 	 	 	-1	 	 	 	 	 	 	 	 	 	 	 	 	 	 	 	 	 	 	 	 	 	 	 	 	 	 	 	 	 	 	 	 	 	 	 	 	 	 	 	 	 	 	 	 	 
 Van Heflin	 	 	 	 	1	 	 	 	 	 	 	 	 	 	 	 	 	 	 	 	 	 	 	 	 	 	 	 	 	 	 	 	 	 	 	 	 	 	 	 	 	 	 	 	 	 	 	 	 	 
 Ian Holm	 	 	 	 	 	 	 	 	 	 	 	 	 	 	 	0	 	 	-7	 	 	 	 	 	 	 	 	 	 	 	 	 	 	 	 	 	 	 	 	47	 	 	 	 	 	 	 	 	 	 
 Jennifer Jones	 	 	 	 	 	 	 	 	 	 	 	 	 	 	 	 	 	 	 	 	 	 	 	 	 	 	 	 	 	 	 	 	39	39	39	 	 	 	-14	 	 	 	 	 	 	 	 	 	 	 
Martin Landau	 	 	 	 	 	 	 	 	 	 	 	 	 	 	 	 	13	 	 	 	 	 	 	 	 	 	 	 	 	 	 	 	 	 	 	 	 	 	 	 	 	 	 	 	 	 	 	 	 	 
 Celia Johnson	 	 	 	 	 	 	 	 	 	 	 	 	 	 	 	 	 	 	 	 	 	 	 	 	 	 	 	 	 	 	 	 	 	 	 	 	 	 	 	 	 	 	 	-15	 	 	 	 	 	 
 Michael Shannon	 	 	 	 	 	 	 	 	 	 	 	 	 	 	 	 	 	 	 	 	 	 	 	 	 	 	 	 	-5	 	 	 	 	 	 	 	 	 	 	 	 	 	 	 	 	 	 	 	 	 
 Peter OToole	 	 	 	 	 	 	 	 	 	 	 	 	 	 	 	 	 	 	 	 	 	 	 	 	 	 	 	-3	 	 	 	 	 	 	 	 	 	 	 	 	 	 	 	 	 	 	 	 	 	 
Claire Trevor	 	 	 	 	 	 	 	 	 	 	 	 	 	 	 	 	 	 	 	 	 	 	 	 	 	 	 	28	28	 	 	 	 	 	 	-57	 	 	 	 	 	 	 	21	 	 	 	 	 	 
Agnes Moorehead	 	 	 	 	0	 	 	 	 	 	 	 	 	 	 	 	27	 	0	 	 	 	 	6	 	 	 	 	 	-41	-41	-41	 	3	 	 	 	20	 	28	 	 	 	-3	-5	 	-37	 	-72	-72
 Shirley Booth	 	 	 	 	 	 	 	 	 	 	 	 	 	 	 	 	 	 	 	-23	 	 	 	 	 	 	 	 	19	 	 	 	 	-9	 	 	 	 	 	 	 	-5	 	13	 	 	-49	 	 	 
 Helena Bonham Carter	 	 	 	 	 	 	 	 	 	 	 	 	 	 	 	 	 	 	 	 	 	 	 	 	 	 	 	 	 	 	 	 	 	 	 	-29	 	 	 	 	 	 	 	 	 	 	 	 	 	 
 Josh Brolin	 	 	 	 	 	 	 	 	 	 	 	 	 	 	 	 	 	 	 	 	 	 	 	 	 	 	 	 	 	 	 	 	 	 	 	 	 	 	 	 	 	 	 	40	 	 	 	 	 	 
 Melissa Leo	 	 	 	 	 	 	 	 	 	 	 	 	 	 	 	 	 	 	 	 	 	 	 	 	 	 	 	 	 	 	 	 	 	53	 	 	 	 	 	 	 	 	 	 	 	 	 	 	 	 
 Rita Moreno	 	 	 	 	 	 	 	 	 	 	 	 	 	 	 	 	 	 	 	 	 	 	 	 	 	 	 	 	 	 	 	 	 	 	 	 	 	 	 	 	2	2	 	-4	 	 	 	 	 	6
Jessica Tandy	 	 	 	 	 	 	 	 	 	 	 	 	 	 	 	 	 	 	 	 	 	 	 	 	 	 	 	 	 	 	 	 	 	 	 	 	 	 	-25	 	 	 	 	 	 	 	 	 	 	 
 Martin Balsam	 	 	 	 	-2	 	 	 	 	 	 	 	 	 	 	 	 	 	 	 	 	 	14	 	 	 	 	 	 	 	 	 	 	 	 	 	 	-20	 	 	 	 	-56	-56	 	 	46	 	 	 
Laurence Harvey	 	 	 	 	 	 	 	 	 	 	 	 	 	 	 	 	 	 	 	 	 	 	 	 	 	 	 	 	 	 	 	 	 	 	 	 	 	 	 	 	 	-22	 	-24	 	 	 	 	 	 
Jeff Chandler	 	 	 	 	 	 	 	 	 	 	 	 	 	 	 	 	 	 	 	 	 	 	 	 	 	 	 	 	 	 	 	 	 	 	 	-40	 	 	 	 	49	 	-10	 	 	 	 	23	 	 
 Sal Mineo	 	 	 	 	 	 	 	 	 	 	 	 	 	 	 	 	 	 	 	 	 	 	 	 	 	 	 	 	 	 	 	 	 	 	 	 	 	 	 	 	 	 	 	 	66	 	 	 	7	 
Lee Grant	 	 	 	 	 	 	 	 	 	 	 	 	 	 	 	 	 	 	 	 	 	 	 	 	 	 	 	 	 	 	 	 	 	 	 	 	 	 	 	-3	 	 	 	 	 	 	 	 	 	 
Barbara Bel Geddes	 	 	 	 	 	 	 	 	 	 	 	 	 	 	 	 	 	 	 	 	 	 	 	 	 	 	 	 	-4	 	 	 	 	 	 	 	-46	-46	-46	 	 	48	 	 	 	 	-44	-44	 	14
Cicely Tyson	 	 	 	 	 	 	 	 	 	 	 	 	 	 	 	 	 	 	 	 	 	 	 	 	 	 	 	 	 	 	 	 	 	 	 	 	 	 	 	 	 	 	 	 	 	 	 	-18	 	 
Ann Harding	 	 	 	 	 	 	 	 	-3	 	 	 	 	 	 	 	 	6	 	 	-12	 	 	-2	 	 	 	 	 	34	 	-16	-10	 	-1	-1	 	 	 	 	 	 	 	 	 	 	 	 	 	 
Felicity Huffman	 	 	 	 	 	 	 	 	 	 	 	 	 	 	 	 	 	 	 	 	 	 	 	 	 	 	23	 	 	 	 	 	 	 	 	 	 	 	 	 	 	 	 	 	 	 	 	 	 	 
 Sophie Okonedo	 	 	 	 	 	 	 	 	 	 	 	 	 	 	 	 	 	 	 	0	 	 	 	 	 	 	 	 	 	 	 	 	 	 	 	 	 	 	 	 	 	 	 	 	 	 	 	 	 	 
Barbara ONeil	 	 	 	 	 	 	 	 	 	 	 	 	 	 	 	 	 	 	 	 	 	 	 	 	 	23	 	 	 	 	 	 	 	 	 	37	 	-60	 	 	-56	 	 	 	 	 	 	41	 	 
 Janet Gaynor	 	 	 	 	 	 	 	 	 	 	 	 	 	 	 	 	 	 	 	 	 	 	 	 	20	 	 	 	 	 	 	 	 	-3	 	 	 	 	 	 	 	 	-6	 	 	 	 	 	 	 
Jennifer Jones	 	 	 	 	 	 	 	 	 	 	 	 	 	 	 	 	 	 	 	 	 	 	 	 	 	 	 	 	 	 	 	 	 	 	 	 	 	-29	 	 	 	-29	 	-40	 	 	 	 	 	 
Catherine Deneuve	 	 	 	 	 	 	 	 	 	 	 	 	 	 	 	 	 	0	 	 	 	 	 	 	 	 	 	 	 	 	 	 	 	 	 	 	 	 	 	 	 	 	 	 	 	 	 	 	 	 
Richard Attenborough	 	 	 	 	 	 	 	 	 	 	 	 	 	 	 	 	 	 	 	 	 	 	 	 	 	 	 	 	 	 	 	 	 	-16	 	 	 	 	 	 	 	 	 	 	 	 	 	 	 	 
Helen Hayes	 	-2	 	 	 	 	 	 	 	 	 	 	 	 	 	 	 	 	 	 	-23	 	 	-17	 	 	 	 	 	 	 	-12	-5	 	 	 	 	 	51	 	 	-6	 	 	 	 	 	 	 	 
 Mary Elizabeth Mastrantonio	 	 	 	 	 	 	 	 	 	 	 	 	 	 	 	 	 	 	 	 	 	 	 	 	 	 	 	 	 	 	 	 	 	 	 	 	 	 	 	23	 	 	 	 	 	 	 	 	 	 
Liza Minnelli	 	 	 	 	 	 	 	 	 	 	 	 	 	 	 	 	 	 	 	 	 	 	 	 	 	 	 	 	 	 	 	 	 	 	 	 	 	 	 	 	 	38	 	 	 	 	 	 	 	 
 Berenice Bejo	 	 	 	 	 	 	 	 	 	 	 	 	 	 	 	 	 	 	 	 	 	 	 	 	 	 	 	-20	 	 	 	 	 	 	 	 	-28	 	 	 	 	 	 	 	 	 	 	 	 	 
 Sally Kirkland	 	 	 	 	 	 	 	 	 	 	 	 	 	 	 	 	 	 	 	 	 	 	 	 	-1	 	 	-19	 	 	 	 	 	 	 	 	 	 	 	 	 	 	 	 	 	 	 	 	 	 
Rosalind Russell	 	 	 	 	 	 	 	 	 	 	 	 	 	 	 	 	 	 	 	 	 	 	25	 	 	 	 	 	 	 	 	 	 	 	 	 	49	 	 	 	 	 	 	 	 	 	 	 	 	 
 Gus Van Sant	 	 	 	 	 	 	 	 	 	 	 	 	 	 	 	 	 	 	 	 	 	 	 	 	 	 	 	 	 	 	 	 	 	 	 	 	 	 	 	 	 	 	 	 	 	 	 	 	-25	 
 Peggy Ashcroft	 	 	 	 	 	 	 	 	 	 	 	 	 	 	 	 	 	 	 	 	 	 	 	 	 	 	 	 	 	16	 	 	 	 	 	 	 	 	 	 	 	 	 	 	 	 	 	42	 	 
John Ireland	 	 	 	 	 	 	 	 	 	 	 	 	 	 	 	 	 	 	 	 	 	 	 	 	 	 	 	 	 	 	 	 	 	 	 	 	 	 	 	 	 	 	 	 	 	 	-2	 	 	 
Ann Blyth	 	 	 	 	 	 	 	 	 	 	 	 	 	 	 	 	 	 	 	 	 	 	 	 	 	 	41	 	 	 	 	 	 	52	52	10	 	 	 	 	20	 	38	 	 	 	 	 	 	 
Erich von Stroheim	 	 	 	 	 	 	 	 	 	 	 	 	 	 	 	 	 	-3	 	 	-8	 	 	 	 	 	 	 	 	-31	 	 	 	 	 	 	 	 	 	 	 	 	 	 	 	 	 	 	 	 
 Spike Jonze	 	 	 	 	 	 	 	 	-22	 	 	 	 	 	 	 	 	 	 	 	 	 	 	 	 	 	 	 	 	 	 	 	 	 	 	 	 	 	 	 	 	 	 	 	 	 	 	 	 	 
Paul Lukas	 	 	 	 	 	 	 	 	 	 	 	 	 	 	 	 	 	 	10	10	 	 	 	 	 	 	 	 	 	 	 	 	 	 	18	 	 	 	 	 	 	 	 	 	 	 	 	 	 	 
 John Hurt	 	 	 	 	 	 	 	 	 	 	 	 	 	 	 	 	 	 	 	 	 	 	 	 	 	 	 	 	 	 	 	 	 	 	 	 	 	 	 	 	 	 	 	 	 	 	 	62	 	 
Julie Andrews	 	 	 	 	 	 	 	 	 	 	 	 	 	 	 	 	 	 	 	 	 	 	 	 	 	 	 	 	 	 	 	 	 	 	 	 	 	 	 	 	 	 	 	 	39	 	 	 	 	 
 Dorothy McGuire	 	 	 	 	 	 	 	 	 	 	 	 	 	 	 	 	 	 	 	 	 	 	 	 	 	 	 	 	 	 	 	6	 	 	 	29	 	 	-51	 	 	 	49	 	 	 	 	 	 	-10
 Jennifer Tilly	 	 	 	 	 	 	 	 	-12	 	 	 	 	 	 	 	 	 	 	 	 	 	 	 	 	 	 	 	 	 	 	 	 	 	 	 	 	 	1	 	 	 	 	 	 	 	 	 	 	 
 Paul Newman	 	 	 	 	 	 	 	 	 	 	 	 	 	 	 	 	 	 	 	 	 	 	 	 	 	 	 	 	-6	 	 	 	 	 	 	 	 	 	 	 	 	 	-49	 	 	 	 	 	 	31
 Greg Kinnear	 	 	 	 	 	 	 	 	 	 	 	 	 	 	 	 	 	 	 	 	 	 	 	 	 	 	 	 	 	 	 	 	 	 	 	 	 	 	 	 	 	 	27	 	 	 	 	 	 	 
John Houseman	 	 	 	 	 	 	 	 	 	 	 	 	 	 	 	 	 	 	 	 	 	 	 	 	 	 	-11	 	 	 	 	 	 	 	 	 	 	 	 	 	 	 	 	 	 	 	 	 	 	 
 Sydney Pollack	 	 	 	 	 	 	 	 	 	 	 	 	 	 	 	 	 	 	 	 	 	 	 	 	 	 	 	 	 	 	 	 	 	 	 	 	 	 	 	 	 	 	26	 	 	 	 	 	 	 
 James Mason	 	 	 	 	-5	 	 	 	 	 	 	 	 	 	 	 	 	 	 	 	 	 	 	 	 	 	 	 	 	45	 	 	 	 	 	32	 	-45	 	10	 	 	 	 	 	-3	 	 	 	 
Leslie Howard	 	 	 	 	 	 	 	 	 	 	 	 	 	 	 	 	 	 	 	 	15	 	 	 	 	 	 	45	 	0	 	 	 	 	 	 	 	 	 	 	 	 	 	 	 	 	 	 	 	 
 James Gleason	 	 	 	 	 	 	 	 	 	 	 	 	 	 	 	 	 	19	 	-33	 	 	 	 	 	 	 	 	 	 	 	1	 	 	 	 	 	 	 	 	 	 	 	 	 	 	 	 	 	 
 Jeanne Eagels	 	 	 	 	 	 	 	 	 	 	 	 	 	 	 	 	 	 	 	 	 	 	 	 	 	 	 	 	 	 	 	 	 	-31	 	 	 	 	 	 	 	 	 	 	 	 	 	 	 	 
 Nina Foch	 	 	 	 	-9	 	 	 	 	 	 	 	 	 	 	 	 	 	 	 	 	 	 	 	 	 	 	 	 	 	 	 	-9	 	 	-39	 	 	 	 	 	 	 	 	 	 	 	 	22	 
Eleanor Parker	 	 	 	 	 	 	 	 	 	 	 	 	 	 	 	 	 	 	 	 	 	 	 	 	10	 	 	 	 	 	 	 	47	 	 	 	 	 	 	 	15	 	 	8	 	 	 	-39	 	0
 Jack Oakie	 	 	 	 	 	 	 	 	 	 	 	 	 	 	 	 	 	 	 	 	 	 	 	 	 	 	 	 	 	 	 	 	 	 	-5	 	 	 	 	 	 	 	 	 	 	 	 	 	 	-14
Irene Dunne	 	 	 	 	 	 	 	 	 	 	 	 	 	 	 	 	 	 	 	 	 	-3	 	 	 	 	 	 	 	 	 	-29	 	-36	-23	-53	 	 	-34	 	 	 	 	 	 	 	 	 	 	 
 James Dean	 	 	 	 	 	 	 	 	 	 	 	 	 	 	 	 	 	 	 	 	 	 	 	 	 	 	 	 	 	 	 	 	 	 	 	-34	 	 	 	20	 	34	 	-60	 	 	 	 	 	 
 Margaret Rutherford	 	 	 	 	 	 	 	 	 	 	 	 	 	 	 	 	 	 	 	 	 	 	 	 	25	 	 	 	 	 	 	 	 	 	 	 	 	 	 	 	 	-23	 	 	 	 	 	 	 	 
Jack Lemmon	 	 	 	 	 	 	 	 	 	 	 	 	 	 	 	 	 	 	 	 	 	 	 	 	 	 	 	 	 	 	 	 	 	 	 	 	 	 	 	 	 	 	-27	 	 	 	-7	 	-2	 
Berenice Bejo	 	 	 	 	 	 	 	 	 	 	 	 	 	 	 	 	 	 	 	 	 	-21	 	 	 	 	 	 	 	 	 	 	 	 	 	 	 	 	 	 	 	 	 	 	 	 	 	 	 	 
 Marie Dressler	 	 	 	 	 	 	 	 	 	 	 	 	 	 	 	 	26	 	1	 	 	-9	 	 	 	 	 	 	 	 	 	 	 	 	 	 	 	 	 	 	 	 	 	 	 	 	 	 	 	 
 George Stevens	 	 	 	 	 	 	 	 	 	 	 	 	 	 	 	 	 	 	 	 	 	 	 	 	 	6	 	 	-21	 	 	 	 	 	 	 	-49	 	 	38	 	66	 	 	 	 	 	69	 	 
 Lynn Redgrave	 	 	 	 	 	 	 	 	 	 	 	 	 	 	 	 	 	 	 	 	14	 	 	 	 	 	 	23	 	 	 	 	 	44	 	 	 	 	 	 	 	 	 	 	 	 	 	 	 	 
 Edward James Olmos	 	 	 	 	 	 	 	 	 	 	 	 	 	 	 	 	 	 	 	 	 	 	 	 	 	 	 	 	 	 	 	 	 	 	 	 	 	-44	 	 	 	 	 	 	 	 	 	 	 	 
 Mike Nichols	 	 	 	 	 	 	 	 	 	 	 	 	 	 	 	 	 	 	 	 	 	 	 	 	 	 	 	 	 	 	 	 	 	 	 	 	 	 	 	 	 	 	-65	 	 	 	 	 	 	 
 Sylvia Sidney	 	 	 	 	 	 	 	 	 	-2	 	 	 	 	 	 	 	 	 	12	1	 	 	 	 	1	 	 	 	50	 	 	 	-50	-50	-2	 	 	 	 	 	 	 	 	 	 	 	 	 	 
Bruce Davison	 	 	 	 	 	 	 	 	 	 	 	 	 	 	 	 	 	 	 	 	 	 	 	 	 	 	 	 	 	 	 	 	 	 	 	-5	 	 	 	 	 	 	 	 	 	 	 	 	 	 
Don Ameche	 	 	1	 	 	 	 	 	 	 	 	 	 	 	 	 	 	 	 	 	 	 	 	18	18	18	 	24	24	24	 	32	32	32	 	 	 	 	 	 	 	 	 	 	 	 	 	 	 	 
Michael Chekhov	 	 	 	 	 	 	 	 	 	 	 	 	 	 	 	 	 	 	 	 	 	 	 	 	 	 	 	 	 	 	 	 	 	 	3	 	 	 	 	 	 	 	 	 	 	 	 	 	 	 
 Chloe Sevigny	 	 	 	 	 	 	 	 	 	 	 	 	 	 	 	 	 	 	 	 	 	 	 	 	 	 	 	 	 	 	 	 	 	20	 	 	 	 	 	 	 	 	 	 	 	 	 	 	 	 
 Peter Bogdanovich	 	 	 	 	 	 	 	 	 	 	 	 	 	 	 	 	 	 	 	 	 	 	 	 	 	 	 	 	 	 	 	 	 	 	 	 	 	 	 	 	 	28	 	 	 	 	 	 	 	 
 Rachel Roberts	 	 	 	 	 	 	 	 	 	 	 	 	 	 	 	 	 	 	 	 	 	0	 	 	 	 	 	 	 	 	 	 	 	 	 	 	 	 	 	 	 	 	 	 	 	 	 	35	35	 
 John Wayne	 	 	 	 	 	 	 	 	 	 	 	 	 	 	 	 	 	 	 	 	 	 	 	 	 	 	 	 	 	 	 	 	 	 	 	 	 	3	 	 	 	 	 	 	 	 	 	 	45	 
Chester Morris	 	 	 	 	 	 	 	 	 	-1	 	 	 	 	 	 	 	 	 	 	-19	 	 	 	 	 	 	 	-31	 	 	 	 	 	 	 	 	 	 	 	 	 	 	 	 	 	 	 	 	 
 Natalie Wood	 	 	 	 	 	 	 	 	 	 	 	 	 	 	 	 	 	 	 	 	 	 	 	 	 	 	 	 	 	 	 	33	 	 	 	-20	 	58	58	56	56	-50	-50	 	 	 	-42	 	 	 
Gloria Swanson	 	 	 	 	 	 	 	 	 	 	 	 	 	 	 	 	 	 	 	-12	 	 	1	 	 	 	 	 	 	 	 	 	 	 	 	 	 	 	 	 	 	 	 	 	 	 	 	 	 	 
Natalie Wood	 	 	 	 	 	 	 	 	 	 	 	 	 	 	 	 	 	 	 	 	 	 	 	 	 	 	 	 	 	 	 	 	 	 	-30	 	 	 	 	 	 	 	 	 	 	 	 	 	23	 
Ava Gardner	 	 	 	 	 	 	 	 	 	 	 	 	 	 	 	 	 	 	 	 	 	 	 	 	 	 	 	 	-26	 	-8	-8	 	 	 	49	24	43	 	11	11	11	11	 	 	-48	 	 	 	 
 Walter Matthau	 	 	 	 	 	 	 	 	 	 	 	 	 	 	 	 	 	 	 	 	 	 	 	 	 	 	16	 	 	 	 	 	 	 	 	 	 	 	 	 	 	 	 	-44	 	-60	 	 	 	 
 Tess Harper	 	 	 	 	 	 	 	 	 	 	 	 	 	 	 	 	 	 	 	 	 	 	 	 	 	 	 	 	 	 	 	 	 	 	 	-15	 	 	 	 	 	 	 	 	 	 	 	 	 	 
 Patricia Neal	 	 	 	 	 	 	 	 	-7	 	 	 	 	 	 	 	 	 	-9	 	 	 	 	 	 	44	 	 	 	-8	 	 	 	 	 	 	-33	-33	 	 	 	 	 	 	 	-59	 	 	 	 
 Maggie Smith	 	 	 	 	 	 	 	 	 	 	 	 	 	 	 	 	 	 	 	 	 	 	 	 	 	 	 	 	34	 	 	 	 	 	 	 	 	 	 	 	 	 	 	 	 	 	-10	 	 	 
Janet Leigh	 	 	 	 	 	 	 	 	 	 	 	 	 	 	 	 	 	 	 	 	 	 	 	 	 	 	 	 	 	 	 	 	 	 	 	-26	 	 	 	 	 	 	 	 	 	 	-66	 	 	 
James Cromwell	 	 	 	 	 	 	 	 	 	 	 	 	 	 	 	 	 	 	 	 	 	 	 	-6	 	 	 	 	 	 	 	 	 	 	 	 	 	 	 	 	 	 	 	 	 	 	 	 	 	 
River Phoenix	 	 	 	 	 	 	 	 	 	 	 	 	 	 	 	 	 	 	 	 	 	 	 	 	 	 	 	 	 	 	 	 	 	 	 	 	 	 	 	 	 	 	8	 	 	 	 	 	 	 
Anthony Perkins	 	 	 	 	 	 	 	 	 	 	 	 	 	 	 	 	 	 	 	 	 	 	 	 	 	 	 	 	 	 	 	 	 	 	 	 	 	 	 	 	 	 	 	 	 	25	-28	-28	-28	-28
Bessie Love	 	 	-5	 	 	 	 	-1	 	 	 	 	 	-10	 	 	18	18	18	 	 	 	 	 	 	 	 	 	 	4	 	 	 	-26	 	 	 	 	 	1	 	 	 	 	 	 	-11	 	 	46
 Thomas Gomez	 	 	 	 	 	 	 	 	 	 	 	 	 	 	 	 	 	 	 	 	 	 	 	 	 	 	 	 	 	 	 	 	 	 	53	53	 	 	2	 	 	-41	 	 	-64	 	 	 	 	5
 Kim Hunter	 	 	 	 	 	 	 	 	 	 	 	 	 	 	 	 	 	 	 	 	 	 	13	 	 	 	 	 	 	 	 	 	 	 	 	 	 	 	 	-43	 	 	 	 	 	 	 	 	 	 
Mike Nichols	 	 	 	 	 	 	 	 	 	 	 	 	 	 	 	 	 	 	 	 	 	 	 	 	 	 	 	 	 	9	 	 	 	 	 	 	 	 	 	 	 	 	 	 	 	 	 	 	 	 
 Melina Mercouri	 	 	 	 	 	 	 	 	 	 	 	 	 	 	 	 	 	 	 	 	 	 	 	 	 	 	 	 	 	 	 	 	 	 	 	 	 	 	 	 	 	 	 	 	 	17	 	49	49	 
 Ned Beatty	 	 	 	 	 	 	 	 	 	 	 	 	 	 	 	 	 	 	 	 	 	 	 	 	 	 	 	 	 	 	 	 	 	 	 	 	 	 	 	 	 	 	 	 	 	 	-45	 	 	 
 Jane Wyman	 	 	 	 	 	 	 	 	 	 	 	 	 	3	 	 	 	 	 	 	 	 	5	5	5	 	19	 	48	 	 	 	 	7	 	 	 	 	 	-30	 	 	 	 	 	 	 	 	-71	 
 Sally Field	 	 	 	 	 	 	 	 	 	 	 	 	 	 	 	 	 	 	 	 	 	 	 	 	 	 	 	 	 	 	 	 	 	 	 	 	 	 	 	 	 	 	 	 	 	 	 	5	 	 
 Steve McQueen	 	 	 	 	 	 	 	 	 	 	 	 	 	 	 	 	 	 	 	 	 	 	 	 	 	 	 	 	 	 	 	 	 	 	 	 	 	 	-30	 	 	 	 	 	68	 	 	 	6	 
Brenda Fricker	 	 	 	 	 	 	 	 	 	 	 	 	 	 	 	 	 	 	 	 	 	 	-6	 	 	 	 	 	 	 	 	 	 	 	 	 	 	 	 	 	 	 	 	 	 	 	 	 	 	 
George C. Scott	 	 	 	 	 	 	 	 	 	 	 	 	 	 	 	 	 	 	 	 	 	 	 	 	 	 	 	 	 	 	 	 	 	 	 	 	 	 	 	 	 	 	 	 	 	 	 	 	 	32
 Marsha Mason	 	 	 	 	 	 	 	 	 	 	 	 	 	 	 	 	 	 	 	 	 	-8	 	 	 	 	 	 	 	 	 	 	 	 	 	 	 	 	 	 	 	 	 	 	 	 	 	 	 	 
 Janet Leigh	 	 	 	 	 	 	 	 	 	 	 	 	 	 	 	 	 	 	 	 	 	 	 	 	 	 	 	 	 	 	 	 	 	 	 	 	 	-36	 	 	16	 	 	14	 	 	 	 	-27	 
 Hilary Swank	 	 	 	 	 	 	 	 	 	 	 	 	 	 	 	 	 	 	 	 	4	 	 	 	 	 	 	 	 	 	 	 	 	 	 	 	 	 	 	 	 	 	 	 	 	 	 	 	 	 
 Stephen Rea	 	 	 	 	 	 	 	 	 	 	 	 	 	 	 	 	 	 	 	 	 	 	 	 	 	 	 	 	 	 	 	 	 	 	 	 	 	 	 	 	 	 	 	 	29	 	 	 	 	 
Christopher Plummer	 	 	 	 	 	 	 	 	 	 	 	 	 	2	 	 	 	 	 	 	 	-25	-25	 	 	 	 	 	 	 	 	 	 	-20	 	45	 	 	 	 	 	 	 	 	 	 	-33	 	15	 
Ruth Gordon	 	 	 	 	 	 	 	 	 	 	 	 	 	 	 	 	 	 	 	 	 	 	 	 	 	 	 	 	 	 	 	 	 	 	 	54	 	 	 	 	 	 	 	 	 	 	 	 	 	 
Alan J. Pakula	 	 	 	 	 	 	 	 	 	 	 	 	 	 	 	 	 	 	 	 	 	 	 	 	 	 	 	 	 	 	 	 	 	 	 	 	 	 	 	 	 	 	 	 	 	4	 	 	 	 
 Ruth Gordon	 	 	 	 	 	 	 	 	 	 	 	 	 	 	 	 	 	 	 	 	 	 	 	 	 	 	 	 	41	41	 	-32	 	-35	 	 	 	7	 	 	 	16	 	 	 	 	 	 	 	 
 Omar Sharif	 	 	 	 	 	 	 	 	 	 	 	 	 	 	 	 	 	 	 	 	 	 	 	 	 	 	 	 	 	 	 	 	 	 	 	 	 	 	 	 	 	 	 	 	23	 	 	 	 	 
Fredric March	 	 	 	 	 	 	 	 	 	 	 	 	 	 	 	 	 	 	-13	 	 	 	 	 	30	 	 	 	 	 	 	 	 	 	-9	 	 	 	 	 	 	 	 	-19	 	 	 	-24	 	 
Franchot Tone	 	 	 	 	 	 	 	 	 	 	 	 	 	 	 	 	 	 	 	 	 	-17	 	33	33	 	37	 	 	 	 	 	 	 	 	 	-21	 	 	-31	-31	 	 	 	 	 	 	 	 	 
Joseph L. Mankiewicz	 	 	 	 	 	 	 	 	 	 	 	 	 	 	 	 	 	 	 	 	 	 	 	 	 	 	 	 	18	 	 	 	 	 	 	 	 	 	 	 	 	 	 	-45	 	 	 	-63	 	 
 Celeste Holm	 	 	 	 	 	 	 	 	 	 	 	 	 	 	 	 	 	 	 	 	 	 	 	 	 	 	 	 	 	 	 	 	 	 	 	 	 	 	-6	 	 	 	 	-36	-36	 	 	-31	 	 
 Patty McCormack	 	 	 	 	-8	 	 	 	 	 	 	 	 	 	 	 	 	 	 	 	 	 	 	 	 	 	 	 	 	 	 	 	 	 	 	 	 	 	 	 	 	 	 	 	 	 	 	 	 	 
Ethan Hawke	 	 	 	 	 	 	 	 	 	 	 	 	 	 	 	 	 	 	 	 	 	 	 	 	 	 	 	 	 	 	 	 	 	 	 	 	 	 	 	 	 	 	 	 	-54	 	 	 	 	 
Barbara Hershey	 	 	 	 	 	 	 	 	 	 	 	 	 	 	 	 	 	 	 	 	 	 	 	 	 	 	 	 	 	 	 	 	 	 	58	 	 	 	 	 	 	-48	 	 	 	 	 	 	 	 
Edmond OBrien	 	 	 	 	 	 	 	 	 	 	 	 	 	 	 	 	 	 	 	 	 	 	 	 	 	 	 	 	 	 	 	 	55	 	 	 	 	 	 	 	 	 	 	 	 	 	 	 	 	 
 Mary Steenburgen	 	 	 	 	 	 	 	 	 	 	 	 	 	 	 	 	 	 	 	 	 	 	 	 	 	 	 	 	 	 	 	 	 	 	 	 	 	 	 	 	 	 	 	42	 	 	 	 	 	 
 Chester Morris	 	 	 	 	 	 	 	 	 	 	 	 	 	 	 	 	 	14	 	 	 	 	 	 	 	 	 	 	 	 	 	 	 	 	 	 	 	 	 	 	 	 	-1	 	 	 	 	-68	 	 
 Peggy Wood	 	 	 	 	 	 	 	 	 	 	 	 	 	 	 	 	 	 	 	 	 	 	 	 	 	 	 	 	 	 	 	 	 	 	-31	 	 	 	 	 	 	 	 	 	 	 	 	 	 	 
Dorothy Dandridge	 	 	 	 	 	 	 	 	 	 	 	 	 	 	 	 	 	 	 	 	 	 	 	 	 	-6	 	 	 	 	 	 	 	 	 	 	 	 	 	 	 	 	 	 	 	-4	 	14	 	28
 Gene Kelly	 	 	 	 	 	 	 	 	 	 	 	 	 	 	 	 	 	 	 	 	 	 	 	 	 	 	 	 	 	 	 	-25	-25	 	 	 	-23	 	 	 	0	 	2	 	 	 	 	 	14	 
Piper Laurie	 	 	 	 	 	 	 	 	 	 	 	 	 	 	 	 	 	 	 	 	 	 	 	 	 	 	 	 	 	 	 	 	 	 	 	 	 	 	 	 	 	 	 	 	 	65	 	 	 	 
 Peter Firth	 	 	 	 	 	-2	 	 	 	 	 	 	 	 	 	 	 	 	 	 	10	 	 	 	 	 	 	 	 	 	 	 	 	 	 	 	 	 	 	 	 	 	 	 	 	 	 	 	 	 
Isabelle Adjani	 	 	 	 	 	 	 	 	 	 	 	 	 	 	 	 	 	 	 	 	 	 	 	 	 	 	 	 	 	 	 	 	 	 	 	 	 	 	 	 	57	 	 	 	 	 	 	 	 	 
 Donna Reed	 	 	 	 	 	 	 	 	 	 	 	 	 	 	 	 	 	 	 	 	 	 	 	 	 	 	 	 	 	-9	-9	 	 	 	 	 	 	 	 	 	-51	-51	 	 	 	 	 	 	 	 
 Miranda Richardson	 	 	 	 	 	 	 	 	 	 	 	 	 	 	 	 	 	 	 	 	 	 	 	 	 	 	 	 	 	 	 	 	 	 	 	 	 	 	 	 	 	 	 	 	36	 	 	 	 	 
 Shohreh Aghdashloo	 	 	 	 	 	 	 	 	 	 	 	 	 	 	 	 	 	 	 	 	 	 	 	 	 	 	 	 	 	 	 	 	 	 	 	44	 	 	 	 	 	 	 	 	 	 	 	 	 	 
 Grace Kelly	 	 	 	 	 	 	 	 	 	 	 	 	 	 	 	 	 	 	 	 	 	 	 	 	 	 	 	 	 	 	 	 	 	 	 	 	 	 	 	27	27	12	-68	 	12	 	 	 	 	 
Chiwetel Ejiofor	 	 	 	 	 	 	 	 	 	 	 	 	 	 	 	 	 	 	 	 	6	 	 	 	 	 	 	 	 	-28	 	 	 	 	 	 	 	 	 	 	 	 	 	 	 	 	 	 	 	 
 Susan Hayward	 	 	 	 	 	 	 	 	-10	 	 	 	 	 	 	 	 	 	 	 	 	 	 	 	 	-19	-19	 	 	 	-24	 	 	 	17	 	 	 	 	 	 	 	 	-6	-6	 	45	22	 	42
Ang Lee	 	 	 	 	 	 	 	 	 	 	 	 	 	 	 	-10	 	 	 	 	 	 	 	 	 	 	 	 	 	 	 	 	 	 	 	 	 	 	 	 	 	 	 	 	 	 	 	 	 	 
 Nancy Carroll	 	 	 	 	 	 	 	 	-16	 	 	 	 	 	 	 	 	 	 	 	 	 	 	 	 	 	 	 	 	 	 	 	-23	 	4	 	 	19	 	 	 	 	 	 	 	 	 	 	 	 
 Piper Laurie	 	 	 	 	 	 	 	 	 	 	 	 	 	 	 	 	 	1	 	 	 	 	 	 	 	 	 	 	 	 	 	 	 	 	 	 	 	 	 	 	-10	 	 	 	 	 	 	 	 	 
Lee Remick	 	 	 	 	 	 	 	 	 	 	 	 	 	 	 	 	 	 	 	 	 	 	 	 	 	 	 	 	 	 	 	 	 	 	 	-10	 	 	 	 	 	 	 	 	 	 	 	 	 	 
Albert Finney	 	 	 	 	 	 	 	 	 	 	 	 	 	 	 	 	 	 	 	 	 	 	 	 	 	37	 	 	 	 	 	 	 	 	 	 	 	 	 	46	 	 	 	 	 	 	 	 	36	 
 Bessie Love	 	 	 	 	 	 	 	 	 	 	 	 	 	 	 	 	 	 	 	 	 	 	 	 	 	 	 	 	 	 	 	 	 	 	 	15	 	 	 	 	 	 	13	 	 	 	 	 	 	 
 Pauline Collins	 	-1	 	 	 	 	 	 	 	 	 	 	 	 	 	 	 	 	 	 	 	 	 	 	 	 	 	 	 	 	 	 	 	16	 	 	 	 	 	 	 	 	 	 	 	 	 	 	 	 
Buck Henry	 	 	 	 	 	 	 	 	 	 	 	 	 	 	 	 	 	 	 	 	 	 	 	 	 	 	 	 	33	 	 	 	 	 	 	 	 	 	 	 	 	 	 	 	 	 	 	 	 	 
Burt Reynolds	 	 	 	 	 	 	 	 	 	 	 	 	 	 	 	 	 	 	 	 	-3	 	 	 	 	 	 	 	 	 	 	 	 	 	 	 	 	 	 	 	 	 	 	 	 	 	 	 	 	 
 William Powell	 	 	 	 	 	 	 	 	 	 	 	 	 	 	 	 	9	9	9	 	 	 	26	 	 	 	 	6	 	-50	 	 	 	-54	-54	-54	 	31	 	 	 	-18	 	17	 	 	 	 	 	 
 Jason Robards	 	 	 	 	 	 	 	 	 	 	 	 	 	 	 	 	 	 	 	 	 	 	 	 	 	 	 	 	 	 	 	 	 	41	 	 	 	 	 	 	 	 	-67	 	 	 	 	61	12	12
 Warner Baxter	 	 	-4	 	 	 	 	 	 	 	 	 	 	 	 	 	 	 	 	 	 	 	 	 	 	 	-14	 	 	12	 	 	 	 	 	 	 	 	 	 	 	 	 	 	 	 	 	 	 	 
Patricia Neal	 	 	 	 	 	 	 	 	 	 	 	 	 	 	 	 	 	 	 	 	 	 	 	 	 	 	 	 	 	 	 	 	 	 	 	 	 	 	 	 	 	 	 	 	 	 	 	 	 	58
 Imelda Staunton	 	 	 	 	 	 	 	 	 	 	 	 	 	 	 	 	 	 	 	 	 	 	 	 	 	 	 	 	 	 	 	 	 	 	 	 	 	 	 	 	41	 	 	 	 	 	 	 	 	 
 Pete Postlethwaite	 	 	 	 	 	 	 	 	 	 	 	 	 	 	 	 	 	 	 	 	 	 	 	 	 	 	 	 	 	 	 	 	 	 	 	 	 	 	 	 	 	 	-32	 	 	 	 	 	 	 
Fred Zinnemann	 	 	 	 	 	 	 	 	 	 	 	 	 	 	 	 	 	 	 	 	 	 	 	 	 	 	 	 	 	 	 	 	-55	 	 	 	 	 	 	 	28	 	 	 	 	-33	 	 	 	 
Jack Oakie	 	 	 	 	 	 	 	 	 	 	 	 	 	 	 	 	 	 	 	 	 	 	4	 	6	 	 	 	 	 	 	 	 	 	 	 	 	12	 	-10	 	 	 	 	 	 	 	 	 	 
Peter Firth	 	 	 	 	 	 	 	 	 	 	 	 	 	 	 	 	 	 	 	1	 	 	 	 	 	 	 	 	 	 	 	 	 	 	 	 	 	 	 	 	 	 	 	 	 	 	 	 	 	 
Donna Reed	 	 	 	 	 	 	 	 	 	 	 	 	 	 	 	 	 	 	 	 	 	 	 	 	 	 	 	 	 	 	 	-24	 	-44	-44	-44	 	 	 	 	33	33	 	 	 	 	 	 	 	 
Nancy Olson	 	 	 	 	 	 	 	 	 	 	 	 	 	 	 	 	 	 	 	 	 	 	 	 	 	 	 	 	 	 	 	 	 	 	 	 	 	 	 	61	 	 	 	 	 	 	 	 	 	 
 Kathleen Turner	 	 	 	 	 	 	 	 	 	 	 	 	 	 	 	 	 	 	 	 	 	 	 	 	 	 	 	 	 	 	 	4	 	 	 	 	 	 	22	 	 	 	 	 	 	 	 	 	 	 
Gloria Stuart	 	 	 	 	 	 	 	 	 	 	 	 	 	 	 	 	 	 	 	 	 	 	 	 	 	 	 	 	 	 	 	 	-37	 	-4	 	 	 	 	 	 	 	 	 	 	 	 	 	 	 
Hope Lange	 	 	 	 	 	 	 	 	 	 	 	 	 	 	 	 	 	 	 	 	 	 	 	 	 	 	 	 	 	 	 	 	 	 	 	 	 	 	 	 	 	 	 	 	 	 	 	 	 	-37
Arthur OConnell	 	 	 	 	 	 	 	 	 	 	 	 	 	 	 	 	 	 	 	-30	 	 	 	 	 	 	 	 	 	 	 	 	 	 	 	 	 	 	 	 	 	 	 	43	 	-24	 	4	 	 
Elia Kazan	 	 	 	 	 	 	 	 	 	 	 	 	 	 	 	 	 	 	 	 	 	 	 	 	 	 	 	 	 	 	 	 	 	-10	 	57	 	 	 	 	 	-15	-57	-61	-61	-61	 	 	 	 
 Diana Scarwid	 	 	 	 	 	 	 	 	 	 	 	 	 	 	 	 	 	 	 	 	 	 	 	 	 	 	 	 	 	 	 	 	 	 	 	 	 	 	 	 	 	 	 	 	 	 	 	 	26	 
Nick Adams	 	 	 	 	 	 	 	 	 	 	 	 	 	 	 	 	 	 	 	 	 	 	 	 	 	 	 	 	 	 	 	 	 	 	 	 	 	 	 	 	 	 	 	 	-2	 	 	 	 	 
Ed Begley	 	 	 	 	 	 	 	 	 	 	 	 	 	 	 	 	 	 	 	 	 	 	 	 	 	 	 	 	 	 	 	 	 	 	 	 	 	 	 	51	 	 	 	 	 	 	 	 	 	 
 George Segal	 	 	 	 	 	 	 	 	 	 	 	 	 	 	 	 	 	 	 	 	 	 	 	 	 	 	 	 	 	 	 	 	 	 	 	 	 	 	 	 	 	 	 	-20	 	 	 	 	 	19
 Juliette Lewis	 	 	 	 	 	 	 	 	 	 	 	 	 	 	 	 	 	 	 	 	 	 	 	 	 	43	 	 	 	 	 	 	 	15	 	 	 	 	 	 	 	 	 	 	 	 	 	 	 	 
Sally Kirkland	 	 	 	 	 	 	 	 	 	 	 	 	 	 	 	 	 	-7	 	 	 	 	 	 	 	 	 	 	 	 	 	 	 	 	 	 	 	 	 	 	 	 	 	 	 	 	 	 	 	 
Joan Fontaine	 	 	 	 	 	 	 	 	 	 	 	 	 	 	 	 	 	 	 	 	 	 	 	 	 	 	 	 	 	 	 	 	 	 	 	 	 	 	 	 	 	 	 	 	 	 	 	 	 	50
 Mercedes McCambridge	 	 	 	 	 	 	 	 	 	 	 	 	 	 	 	 	 	 	 	-26	-25	 	 	 	 	 	 	 	 	 	 	 	 	 	 	 	 	 	 	41	 	 	-19	 	 	 	-65	-65	 	 
 Fay Bainter	 	 	 	 	 	 	 	 	 	 	 	 	 	 	 	 	 	 	 	 	 	 	9	 	 	 	 	 	-1	 	 	 	 	 	 	 	-39	 	 	 	 	 	 	 	 	 	 	 	 	 
 Elia Kazan	 	 	 	 	 	 	 	 	 	 	 	 	 	 	 	 	 	 	 	 	 	 	 	 	 	 	 	 	 	 	 	 	 	 	 	 	 	 	-45	-45	-45	 	 	 	 	 	 	 	-63	 
 Nick Adams	 	 	 	 	 	 	 	 	 	 	 	 	 	 	 	 	 	 	 	 	 	 	 	 	 	 	 	 	 	 	 	 	 	 	 	 	 	 	 	 	 	 	 	39	 	 	4	 	 	49
 Richard Farnsworth	 	 	 	 	 	 	 	 	 	 	 	 	 	 	 	 	 	 	 	 	 	 	 	 	 	 	 	-11	 	 	 	 	 	 	 	 	-52	 	 	 	 	 	 	 	 	 	 	 	-31	 
Miriam Hopkins	 	 	 	 	 	 	 	 	 	 	 	 	 	 	 	 	 	 	 	 	9	 	 	 	-15	 	 	37	 	 	 	 	 	 	 	 	 	 	 	 	 	 	 	 	 	 	 	 	 	 
 Marcia Gay Harden	 	 	 	 	 	 	 	 	 	 	 	 	 	 	 	 	 	 	 	 	 	 	 	 	 	 	 	 	32	 	 	 	 	 	 	 	 	 	 	 	 	 	 	 	 	 	 	 	 	 
 Diane Varsi	 	 	 	 	 	 	 	 	 	 	 	 	 	 	 	 	 	 	 	 	 	 	 	 	 	 	 	 	 	 	 	 	 	 	 	 	 	 	 	 	 	 	 	 	 	 	 	0	 	 
Dean Stockwell	 	 	 	 	 	 	 	 	 	 	 	 	 	 	 	 	 	 	 	 	 	 	 	 	 	 	 	 	 	 	 	 	 	10	10	 	 	 	0	 	 	 	 	 	 	 	 	-1	 	 
 Jules Dassin	 	 	 	 	 	 	 	 	 	 	 	 	 	 	 	 	 	 	 	 	 	 	 	 	 	 	 	 	 	 	 	 	 	 	 	11	11	11	11	 	 	 	 	 	 	 	 	50	 	 
Maureen Stapleton	 	 	 	 	 	 	 	 	 	 	 	 	 	 	 	 	 	 	 	 	 	 	 	 	 	 	 	 	 	 	 	 	 	 	 	 	 	 	 	 	 	 	 	 	 	 	62	 	 	 
 Valerie Perrine	 	 	 	 	 	 	 	 	 	 	 	 	 	 	 	 	 	 	 	 	 	 	 	 	 	 	 	 	35	 	 	 	 	 	 	 	 	 	 	 	 	 	 	 	 	 	 	 	 	 
 Joanne Woodward	 	 	 	 	 	 	 	 	-17	 	 	 	 	 	 	 	 	 	 	 	 	 	 	 	 	 	 	 	 	 	 	 	 	 	 	 	 	 	 	 	 	 	 	 	 	 	 	 	 	 
Paulette Goddard	 	 	 	 	 	 	 	 	 	 	 	 	 	 	 	 	 	 	 	 	 	 	 	 	 	 	 	 	 	 	-25	 	 	 	 	 	 	 	 	 	 	 	 	 	 	 	 	 	 	 
Ernest Borgnine	 	 	 	 	 	 	 	 	 	 	 	 	 	 	 	 	 	 	-8	 	 	 	 	 	 	 	 	 	 	 	 	 	 	 	 	 	 	 	 	 	 	 	-18	 	 	 	 	 	-37	 
 Liv Ullmann	 	 	 	 	 	 	 	 	 	 	 	 	 	 	 	 	 	 	 	 	 	 	 	 	-3	-3	 	 	 	 	 	 	 	 	 	 	 	 	 	 	 	 	 	 	 	 	 	 	 	 
 Melinda Dillon	 	 	 	 	 	 	 	 	 	 	 	 	 	 	 	 	 	 	 	 	 	 	 	 	 	 	 	 	 	 	 	 	 	29	 	 	 	 	 	 	 	 	 	 	 	 	 	 	 	 
Annette Bening	 	 	 	 	 	 	 	 	 	 	 	 	 	 	 	 	 	 	 	 	 	 	 	 	 	 	 	 	 	 	 	 	 	 	 	 	-27	 	 	 	 	 	 	 	 	 	 	 	 	 
 Robert Wise	 	 	 	 	 	 	 	 	 	 	 	 	 	 	 	 	 	 	 	 	 	 	 	 	 	 	 	 	-38	-42	-42	-50	 	 	 	-58	 	34	 	 	 	 	-40	 	64	64	-20	-20	 	 
Richard Burton	 	 	 	 	 	 	 	 	 	 	 	 	 	 	 	 	 	 	 	 	 	 	 	 	 	 	 	 	 	 	 	 	 	 	 	 	 	 	 	 	 	 	 	 	 	 	 	-35	 	 
 Martin Landau	 	 	 	 	 	 	 	 	 	 	 	 	 	 	 	 	 	 	 	 	 	 	 	 	 	 	 	 	 	 	 	 	 	 	 	 	 	 	 	 	 	 	 	 	 	 	 	31	 	 
Alan Bates	 	 	 	 	 	 	 	 	 	 	 	 	 	 	 	 	 	 	 	 	 	 	 	 	 	 	 	 	 	 	 	 	 	 	 	 	 	 	 	 	 	 	 	 	 	 	 	 	-33	-33
Amy Ryan	 	 	 	 	 	 	 	 	 	 	 	 	 	 	 	 	 	 	 	 	 	 	 	2	 	 	 	 	 	 	 	 	 	 	 	 	 	 	 	 	 	 	 	 	 	 	 	 	 	 
Michael Clarke Duncan	 	 	 	 	 	 	 	 	 	 	 	 	 	 	 	 	 	 	 	 	 	 	 	 	 	 	 	 	 	 	 	 	 	 	 	4	 	 	 	 	 	 	 	 	 	 	 	 	 	 
 Melissa McCarthy	 	 	 	 	 	 	 	 	 	 	 	 	 	 	 	 	 	 	 	 	 	 	 	 	0	 	 	 	 	 	 	 	 	 	 	 	 	 	 	 	 	 	 	 	 	 	 	 	 	 
 Ron Howard	 	 	 	 	 	 	 	 	 	 	 	-1	 	 	 	 	 	 	 	 	 	 	 	 	 	 	 	 	 	 	 	 	 	 	 	 	 	 	 	 	 	 	 	 	 	 	 	64	 	 
 Miyoshi Umeki	 	 	 	 	 	 	 	 	 	 	 	 	 	 	 	 	 	 	 	 	 	 	 	 	 	 	 	 	 	 	 	 	 	 	 	 	 	 	 	22	 	 	 	 	 	 	 	 	 	-20
Fay Bainter	 	 	 	 	 	 	 	 	 	 	 	 	 	 	 	 	 	 	 	 	 	 	 	 	 	5	5	 	 	 	 	41	 	-5	 	 	 	 	 	14	 	 	 	 	 	 	 	 	 	 
Alec Guinness	 	 	 	 	 	 	 	 	 	 	 	 	 	 	 	 	 	 	6	 	 	 	 	 	 	 	 	 	 	 	 	 	 	 	 	 	 	 	 	 	 	 	 	 	 	 	 	36	 	-45
 Paul Lukas	 	 	 	 	 	 	 	 	 	 	 	 	 	 	 	 	 	 	 	 	 	 	 	 	 	 	-2	 	 	 	 	 	 	 	 	 	 	-1	-1	 	 	 	 	 	 	 	-54	 	 	 
Eddie Albert	 	 	 	 	 	 	 	 	 	 	 	 	 	 	 	 	 	 	 	 	 	 	 	 	 	 	20	 	49	49	 	-49	 	 	 	-14	-14	 	 	33	 	8	 	 	 	 	-53	 	 	20
 Montgomery Clift	 	 	 	 	 	 	 	 	 	 	 	 	 	 	 	 	 	 	 	 	 	 	 	 	 	 	 	 	 	 	 	 	 	 	 	 	-30	 	 	36	 	55	 	 	 	61	61	-64	-64	-64
 Sidney Lumet	 	 	 	 	 	 	 	 	 	 	 	 	 	0	 	 	 	 	 	 	 	 	 	 	 	 	 	 	 	 	 	 	 	 	 	 	 	 	 	 	 	 	 	 	 	 	 	-53	-53	 
 Rip Torn	 	 	 	 	 	 	 	 	 	 	 	 	 	 	 	 	 	 	 	 	 	 	 	 	 	 	 	 	 	 	 	 	 	 	 	 	 	 	 	 	 	 	 	 	-60	 	 	32	 	 
 Vincent Gardenia	 	 	 	 	 	 	 	 	 	 	 	 	 	 	 	 	 	 	 	 	 	 	 	 	2	 	 	 	 	 	 	 	 	 	 	 	 	 	 	 	 	 	 	 	 	 	8	 	 	33
 Barbara Hershey	 	 	 	 	 	 	 	 	 	 	 	 	 	 	 	 	 	 	 	 	 	 	 	 	 	 	 	 	 	 	 	 	 	 	 	 	 	 	 	 	 	 	 	 	 	 	 	3	 	 
Jane Wyman	 	 	 	 	 	 	 	 	 	 	 	 	 	 	 	 	 	 	 	 	 	 	 	 	 	 	 	-26	 	 	 	 	 	 	 	 	 	 	55	55	 	-33	 	-10	-10	 	 	 	 	 
 William Wyler	 	 	 	 	-17	 	 	 	 	 	 	 	 	-4	-4	 	19	26	 	 	 	 	 	-16	-16	 	 	3	8	8	8	 	 	 	-8	 	 	-24	 	-4	 	7	 	-18	 	 	57	57	57	57
Brad Dourif	 	 	 	 	 	 	 	 	 	 	 	 	 	 	 	 	 	 	 	 	 	 	 	 	 	 	 	 	 	 	 	 	 	 	 	 	 	 	 	 	 	 	 	 	 	 	 	 	27	 
 James Stewart	 	 	 	 	3	 	 	 	 	 	 	 	 	 	 	 	 	 	 	 	 	 	 	 	 	 	 	 	 	 	 	 	 	 	 	 	 	 	 	 	 	 	 	 	 	 	 	 	 	 
 Melvyn Douglas	 	 	 	 	 	 	 	 	 	 	 	 	 	 	 	 	 	 	 	-13	-13	 	 	 	34	 	10	 	 	38	 	52	 	 	 	58	 	-16	 	 	 	 	 	 	 	 	 	 	 	 
 Gary Sinise	 	 	 	 	 	 	 	 	 	 	 	 	 	 	 	 	 	 	 	 	 	 	 	 	 	 	 	 	 	 	 	 	 	28	 	 	 	 	 	 	 	 	 	 	 	 	 	 	 	 
 John Marley	 	 	 	 	 	 	 	 	 	 	 	 	 	 	 	 	 	 	 	 	 	 	 	 	 	 	 	 	 	 	 	 	 	 	 	 	 	 	 	 	 	 	 	 	 	 	48	 	 	 
Felicity Jones	 	 	 	 	 	 	 	 	 	 	 	 	 	 	 	 	 	 	 	 	 	 	 	 	 	 	 	 	 	 	 	 	 	 	 	 	 	 	 	 	 	 	 	 	 	 	 	71	 	 
 Jane Alexander	 	 	 	 	 	 	 	 	 	 	 	 	 	 	 	 	 	 	 	 	 	 	 	 	 	 	 	 	 	 	 	 	 	 	 	 	 	 	 	 	 	52	 	 	 	 	 	 	 	 
 Susan Kohner	 	 	 	 	 	 	 	 	 	 	 	 	 	 	 	 	 	 	 	 	 	 	 	 	 	 	 	 	 	 	 	 	 	 	 	 	 	 	 	 	 	 	 	 	-1	 	 	-72	 	15
Ruth Chatterton	 	 	 	 	 	 	 	 	 	 	 	 	 	 	 	 	 	10	 	 	 	 	 	 	 	 	 	 	 	 	 	 	 	 	 	 	 	 	 	 	 	 	 	 	 	 	 	 	 	 
Joanne Woodward	 	 	 	 	 	 	 	 	 	 	 	 	 	 	 	 	 	 	 	 	 	 	 	 	 	 	 	 	 	 	 	 	 	 	 	 	 	 	 	 	 	 	 	 	 	 	 	 	 	-40
 Brian Aherne	 	 	 	 	 	 	 	 	 	 	 	 	 	 	 	 	 	 	 	 	 	 	 	 	 	 	 	 	-22	 	 	 	 	 	 	 	 	 	 	 	 	 	 	 	 	 	 	 	 	 
 Helen Hayes	 	 	 	 	 	 	 	 	 	 	 	 	 	 	 	 	 	 	 	 	 	 	22	 	 	 	 	 	 	 	 	 	 	-21	 	 	 	 	 	19	19	 	 	 	 	 	 	 	 	 
Ben Johnson	 	 	 	 	 	 	 	 	 	 	 	 	 	 	 	 	 	 	 	 	 	 	 	 	 	 	 	 	 	 	 	 	 	 	 	 	-55	-55	 	 	 	64	 	-37	-21	 	 	 	 	 
 Rupert Crosse	 	 	 	 	 	 	 	 	 	 	 	 	 	 	 	 	 	 	 	 	 	 	 	 	 	 	 	 	 	 	 	 	 	 	 	 	 	 	 	 	 	 	 	 	 	 	 	-4	-4	 
 Peter Falk	 	 	 	 	 	 	 	 	 	 	 	 	 	-8	 	 	 	 	 	 	 	 	 	 	 	 	 	 	 	 	 	 	 	 	34	 	 	 	 	 	 	 	 	 	 	-34	-34	 	 	-36
James Garner	 	 	 	 	 	 	 	 	 	 	 	 	 	 	 	 	 	 	 	 	 	 	 	 	 	 	 	 	 	 	 	 	 	49	 	 	 	 	 	 	 	 	 	 	 	 	 	 	 	 
 Joan Allen	 	 	 	 	 	 	 	 	 	 	 	 	 	 	 	 	 	 	 	 	 	 	 	 	 	 	 	 	 	 	 	 	 	 	 	 	-17	 	 	 	 	 	 	 	 	 	 	 	 	 
J. Carrol Naish	 	 	 	 	 	 	 	 	 	 	 	 	 	 	 	 	 	 	 	 	 	-13	 	 	 	 	 	 	 	 	 	 	-16	 	14	 	 	27	 	 	 	-9	 	 	 	10	 	 	 	 
 Melanie Griffith	 	 	 	 	 	 	 	 	 	 	 	 	 	 	 	 	 	 	 	 	 	 	 	 	 	 	 	 	 	 	 	 	 	 	 	 	 	 	8	 	 	 	 	 	 	 	 	 	 	 
 James Cagney	 	 	 	 	 	 	 	 	 	 	 	 	 	 	 	 	 	 	 	 	 	 	 	22	 	 	 	 	 	 	 	56	 	 	 	 	-22	 	 	 	 	 	 	 	 	 	 	 	 	-50
 Marjorie Main	 	 	 	 	-20	 	 	 	 	 	 	 	 	 	 	 	 	5	5	 	 	 	0	 	 	22	 	 	29	29	 	 	19	 	13	 	 	 	-56	-56	 	37	37	 	-49	 	 	 	 	 
 Robert Loggia	 	 	 	 	 	 	 	 	 	 	 	 	 	 	 	 	 	 	 	 	 	 	 	 	 	 	 	 	 	 	 	 	 	 	 	 	 	 	 	 	 	 	 	 	65	 	 	 	 	 
 Sigourney Weaver	 	 	 	 	 	 	 	 	-5	 	 	 	 	 	 	 	 	 	 	 	 	 	 	 	 	 	 	 	 	 	 	 	 	 	 	 	 	 	 	 	 	 	 	 	 	 	 	 	 	 
Richard Dix	 	 	 	 	 	 	 	 	 	 	 	 	 	 	 	 	 	 	 	 	 	 	 	 	 	 	-15	 	 	 	 	 	 	 	 	 	 	 	 	 	 	 	 	 	 	 	 	 	 	 
 Judy Holliday	 	 	 	 	 	 	 	 	 	 	 	 	 	 	 	 	 	 	 	 	 	 	 	 	 	 	-10	 	 	 	 	 	33	 	 	 	 	 	 	 	 	 	-26	 	 	 	 	 	 	 
 Minnie Driver	 	 	 	 	 	 	 	 	 	 	 	 	 	 	 	 	 	 	 	 	 	 	 	 	 	 	 	 	 	 	 	 	 	 	 	 	 	 	54	 	 	 	 	 	 	 	 	 	 	 
 Linda Hunt	 	 	 	 	 	 	 	 	 	 	 	 	 	 	 	 	 	 	 	 	 	 	 	14	 	 	 	 	 	 	 	 	 	 	 	 	 	 	 	 	 	 	 	 	 	 	 	 	 	 
 Vittorio De Sica	 	 	 	 	 	 	 	 	 	 	 	 	 	 	 	 	 	 	 	 	 	 	 	 	 	 	 	 	 	 	 	 	 	 	 	 	 	 	 	 	 	 	 	 	 	 	 	 	19	 
 William Holden	 	 	 	 	 	 	 	 	 	 	 	 	 	 	 	 	 	 	 	 	 	 	 	 	 	 	 	 	-3	 	 	-37	 	 	 	 	 	 	 	60	 	24	-41	-41	-41	 	 	 	 	 
Loretta Young	 	 	 	 	 	 	 	 	 	 	 	 	 	 	 	 	 	 	24	24	 	 	 	 	 	 	 	 	 	 	 	 	 	 	-14	 	 	 	 	42	 	 	 	 	 	 	 	 	 	 
 Hugh Jackman	 	 	 	 	 	 	 	 	 	 	 	 	 	 	 	 	 	 	 	 	 	 	 	 	 	 	 	 	 	 	 	 	 	 	 	 	 	 	 	 	 	 	 	-35	 	 	 	 	 	 
Anne Ramsey	 	 	 	 	 	 	 	 	 	 	 	 	 	 	 	 	 	 	 	 	 	 	 	 	 	 	 	 	 	 	 	 	 	 	-38	 	 	 	 	 	 	 	 	 	 	 	47	47	 	 
Gloria Grahame	 	 	 	 	 	 	 	 	 	 	 	 	 	 	 	 	 	 	 	 	 	 	 	 	 	 	 	 	 	 	 	 	 	 	 	 	 	-17	 	 	62	42	42	 	 	 	 	 	 	 
 Lesley Ann Warren	 	 	 	 	 	 	 	 	-4	 	 	 	 	 	 	 	 	 	 	 	 	 	 	 	 	 	 	 	 	 	 	 	 	 	 	 	 	 	20	 	 	 	 	 	 	 	 	 	 	 
 Basil Rathbone	 	 	 	 	 	 	 	 	 	 	 	 	 	 	 	 	 	 	 	 	 	 	 	 	 	 	 	 	 	 	 	 	 	 	 	1	 	 	 	 	 	 	 	 	 	 	 	 	 	 
 Jude Law	 	 	 	 	 	 	 	 	 	 	 	 	 	 	 	 	 	 	 	 	 	 	 	 	 	 	46	 	 	 	 	 	 	 	 	 	 	 	 	 	 	 	 	 	 	 	 	 	 	 
 James Cromwell	 	 	 	 	 	 	 	 	 	 	 	 	 	 	 	 	 	 	 	 	 	 	 	 	 	 	 	 	 	 	-40	 	22	 	 	 	 	 	 	 	 	 	 	 	 	 	 	 	 	 
Albert Bassermann	-2	 	 	 	 	 	-3	 	 	 	 	 	 	 	 	 	 	 	 	 	 	 	 	 	 	 	 	 	39	30	 	 	38	 	-49	-49	 	 	 	 	 	 	 	 	 	 	 	 	 	 
 Leslie Caron	 	 	 	 	 	 	 	 	 	 	 	 	 	 	 	 	 	 	 	 	 	 	 	 	 	 	 	 	 	 	 	 	 	 	 	 	 	 	 	 	 	 	 	52	 	 	-38	 	 	 
 Eddie Albert	 	 	 	 	 	 	 	 	 	 	 	 	 	 	 	 	 	 	 	 	 	 	 	 	 	 	 	 	 	 	 	 	 	 	 	 	 	 	 	 	 	 	 	-32	 	-47	 	 	 	 
 Rex Harrison	 	 	 	 	 	 	 	 	 	 	 	 	 	 	 	 	 	 	 	 	13	 	 	 	 	 	 	 	 	-24	 	 	 	-22	-22	-22	 	 	 	 	 	 	 	 	 	 	 	 	-8	 
Montgomery Clift	 	 	 	 	 	 	 	 	 	 	 	 	 	 	 	 	 	 	 	 	 	 	 	 	 	 	 	 	 	 	 	 	 	 	 	 	 	-25	 	 	 	 	 	 	 	 	 	 	 	 
 Lee Grant	 	 	 	 	 	 	 	 	 	 	 	 	 	 	 	 	 	 	 	 	 	 	 	 	 	 	 	 	 	 	 	 	 	 	 	 	 	 	 	 	 	 	 	 	 	-12	 	-23	 	 
 Ed Begley	 	 	 	 	 	 	 	 	 	 	 	 	 	 	 	 	 	 	 	 	 	 	 	 	 	 	 	 	 	 	 	 	 	 	 	 	 	 	-38	 	 	 	 	 	 	 	 	-17	10	 
 Maureen Stapleton	 	 	 	 	 	 	 	 	 	 	 	 	 	 	 	 	 	 	 	 	 	 	 	 	 	 	 	 	 	 	 	 	 	 	 	 	 	 	 	 	 	 	 	 	 	 	 	 	-52	 
Barry Fitzgerald	 	 	 	 	 	 	 	 	 	 	 	 	 	 	 	 	 	 	 	 	 	 	 	 	 	14	14	 	 	-5	 	-20	-24	 	 	 	12	39	27	 	 	 	 	 	 	 	 	 	 	 
 Jeanne Crain	 	 	 	 	 	 	 	 	 	 	 	 	 	 	 	 	 	 	 	 	 	 	 	 	 	 	 	 	 	 	 	 	 	-4	 	 	 	-5	 	 	36	 	 	22	 	 	 	 	 	-71
Jack Palance	 	 	 	 	 	 	 	 	 	 	 	 	 	 	 	 	 	 	 	17	 	 	 	 	 	 	 	 	 	 	 	 	 	 	 	 	 	 	 	 	 	 	-48	 	60	 	 	-8	 	 
 Gale Sondergaard	 	 	 	 	 	 	 	 	 	 	 	 	 	 	 	 	 	 	 	 	 	 	 	 	29	 	 	 	-27	 	 	 	-33	 	 	 	 	44	 	 	 	 	 	 	 	 	 	 	 	 
 Maggie McNamara	 	 	 	 	 	 	 	 	 	 	 	 	 	 	 	 	 	 	 	 	 	 	 	 	 	 	 	 	 	 	 	 	 	 	 	 	 	 	 	 	 	47	47	47	 	 	 	 	 	 
Bob Hoskins	 	 	 	 	 	 	 	 	 	 	 	 	 	 	 	 	 	 	 	 	 	 	 	 	 	 	 	 	 	 	 	 	 	 	 	 	 	 	 	 	 	60	 	 	 	 	 	 	 	 
 Lee Remick	 	 	 	 	 	 	 	 	 	 	 	 	 	 	 	 	 	 	 	 	 	 	 	 	 	 	 	 	10	 	-49	 	 	 	 	 	 	 	 	 	 	 	 	 	 	-58	 	 	-61	 
 Olympia Dukakis	 	 	 	 	 	 	 	 	 	 	 	 	 	 	 	 	 	 	 	 	 	 	 	 	 	 	 	42	 	 	 	 	 	 	 	 	 	 	 	 	 	 	 	 	 	 	 	 	 	 
 Judd Hirsch	 	 	 	 	 	 	 	 	 	 	 	 	 	 	 	 	 	 	 	 	 	 	 	 	 	 	 	 	 	 	 	 	 	 	 	 	 	 	 	 	 	 	 	 	 	 	 	48	 	 
Marjorie Main	 	 	 	 	 	 	 	 	 	 	 	 	 	 	 	 	 	 	 	 	 	 	 	 	 	 	 	7	 	 	21	 	 	 	 	 	 	 	 	 	 	 	 	 	 	 	 	 	 	 
 Simone Signoret	 	 	 	 	 	 	 	 	 	 	 	 	 	 	 	 	 	 	 	 	 	 	 	 	-4	 	 	 	 	 	 	 	 	 	 	 	 	 	 	 	 	 	 	 	 	 	 	 	 	-7
 Loretta Young	 	 	2	 	-7	 	 	 	 	 	 	 	 	 	 	 	 	15	 	 	-18	-18	 	19	19	19	 	 	 	 	 	-28	 	 	 	-11	 	 	-33	 	-3	 	 	 	 	 	52	 	 	 
 John Huston	 	 	 	 	-18	 	 	 	 	 	 	 	 	 	 	 	 	 	 	 	 	 	 	 	 	 	 	 	40	 	 	 	 	 	-35	 	 	-28	-22	-22	-30	-30	 	 	-55	-55	 	 	 	 
 Broderick Crawford	 	 	 	 	-12	 	 	 	 	 	 	 	 	 	 	 	 	 	 	 	 	 	 	 	 	 	 	 	 	 	 	 	 	 	 	 	 	 	 	 	 	 	 	 	 	 	 	 	 	 
 Warren Beatty	 	 	 	 	 	 	 	 	 	 	 	 	 	 	 	 	 	 	 	 	 	 	 	 	 	 	 	 	 	-11	 	 	 	 	 	 	 	 	 	 	 	 	 	 	 	 	 	 	 	45
 Margaret Sullavan	 	 	 	 	 	 	 	 	 	 	 	 	 	 	 	 	 	 	 	 	 	 	 	-15	 	 	 	 	 	-32	 	43	 	 	 	 	 	 	 	 	 	 	 	 	 	 	 	 	 	 
 Sally Kellerman	 	 	 	 	 	 	 	 	 	 	 	 	 	 	 	 	 	 	 	 	 	 	 	 	 	 	 	-22	-18	 	 	 	 	 	 	 	 	 	 	 	 	 	 	 	 	 	 	 	 	 
George Kennedy	 	 	 	 	 	 	 	 	 	 	 	 	 	 	 	 	 	 	 	 	 	 	 	 	 	-2	 	 	 	 	 	 	 	 	 	 	 	 	 	 	 	 	 	 	 	 	 	 	 	 
 Catherine Keener	 	 	 	 	 	 	 	 	 	 	 	 	 	 	 	 	 	2	 	 	 	 	 	 	 	 	 	 	 	 	 	 	 	 	 	 	 	 	 	 	 	 	 	 	 	 	 	 	 	 
George Stevens	 	 	 	 	 	 	 	 	 	 	 	 	 	 	 	 	 	 	 	-22	 	 	 	 	 	 	 	-12	 	-36	 	 	 	 	 	 	 	 	 	 	-60	 	 	 	 	 	 	 	 	 
 Charles Durning	 	 	 	 	 	 	 	 	 	 	 	 	 	 	 	 	 	 	 	 	 	 	 	 	 	 	 	 	-16	 	-28	 	 	 	 	 	 	 	 	 	 	 	 	 	 	 	 	 	 	 
Lynn Redgrave	 	 	 	 	 	 	 	 	 	 	 	 	 	 	 	 	 	 	 	 	 	 	 	 	 	 	 	 	 	 	 	 	 	 	 	 	 	 	 	 	 	15	 	 	 	 	 	 	 	 
 Jean Simmons	 	 	 	 	 	 	 	 	 	 	 	 	 	 	 	 	 	 	 	 	 	 	 	 	 	47	 	 	 	 	 	 	 	 	 	 	 	 	 	 	-55	-55	 	 	 	9	 	-12	 	 
 Tony Richardson	 	 	 	 	 	 	 	 	 	 	 	 	 	 	 	 	 	 	 	 	 	 	 	 	 	 	 	 	 	 	 	 	 	 	 	 	 	 	 	 	-34	 	 	 	 	 	 	-36	 	 
 Randy Quaid	 	 	 	 	 	 	 	 	 	 	 	 	 	 	 	 	 	 	 	-18	 	 	 	 	 	 	 	 	 	 	 	 	 	 	 	 	 	 	 	 	 	 	 	 	 	 	 	 	 	 
 Tommy Lee Jones	 	 	 	 	 	 	 	 	 	 	 	 	 	 	 	 	 	 	 	 	 	 	 	 	 	 	 	 	 	 	 	 	 	 	 	 	 	 	 	 	 	 	 	 	 	 	-43	 	 	 
James Coburn	 	 	 	 	 	 	 	 	 	 	 	 	 	 	 	 	 	 	 	 	 	 	 	 	 	 	 	 	 	 	 	 	 	 	 	 	 	35	 	 	 	 	 	 	 	 	 	 	 	 
Emil Jannings	 	 	 	 	 	 	 	 	 	 	 	 	 	 	 	 	22	 	 	 	 	 	 	 	 	 	 	 	 	 	 	 	 	 	 	 	 	 	 	 	 	 	 	 	 	 	 	 	 	 
 Ruth Chatterton	 	 	 	 	 	 	 	 	 	 	 	 	 	 	 	 	23	 	-12	 	 	 	 	 	 	 	 	 	 	 	 	 	 	 	 	 	 	 	 	 	 	 	 	 	 	 	 	 	 	 
 Shirley Jones	 	 	 	 	 	 	 	 	 	 	 	 	 	 	 	 	 	 	 	 	 	 	 	 	 	 	 	 	 	 	 	 	 	 	 	 	 	 	 	 	 	 	 	-33	-25	-25	 	19	 	 
 Richard Attenborough	 	 	 	-1	 	 	 	 	 	 	 	 	 	 	 	 	 	 	 	 	 	 	 	 	 	 	 	 	 	 	-46	 	 	-25	 	 	 	 	 	2	 	 	 	 	19	 	 	54	 	-32
 Katina Paxinou	 	 	 	 	 	 	 	 	 	 	 	 	 	 	 	 	 	 	 	 	 	 	 	 	 	 	 	 	 	 	 	-45	 	 	 	-7	 	 	 	 	 	 	 	 	 	 	 	 	 	 
 George Chakiris	 	 	 	 	 	 	 	 	 	 	 	 	 	 	 	 	 	 	 	 	 	 	 	 	 	 	 	 	 	 	 	 	 	 	 	 	 	 	 	 	 	-1	 	 	33	 	 	 	 	-19
 Robert Forster	 	 	 	 	 	 	 	 	 	 	 	 	 	 	 	 	 	 	 	 	 	 	 	 	 	 	 	 	 	 	 	 	 	 	 	 	 	 	 	 	 	 	 	 	 	 	 	 	-26	 
 Jackie Cooper	 	 	 	 	 	 	 	 	 	 	 	 	 	 	 	 	 	 	 	 	 	 	 	 	 	 	6	 	 	 	 	-40	 	 	 	 	 	 	 	 	 	 	 	 	 	 	 	 	 	 
 Jack Lemmon	 	 	 	 	 	 	 	 	 	 	 	 	 	 	 	 	 	 	 	 	 	 	 	 	 	 	 	 	 	 	 	 	 	 	 	 	 	 	 	 	 	 	 	12	 	 	 	11	11	 
 Sydney Greenstreet	 	 	 	 	 	 	 	 	 	 	 	 	 	 	 	 	 	 	 	 	 	 	 	 	 	 	 	 	 	-16	 	 	48	48	48	48	48	 	 	 	 	 	 	 	 	 	 	 	 	 
Anne Shirley	 	 	 	 	 	 	 	 	 	 	 	 	 	 	 	 	 	 	 	 	 	 	8	 	 	 	 	-23	-23	 	 	 	 	 	 	 	 	 	 	 	 	 	 	 	 	 	 	 	 	 
 Peter Fonda	 	 	 	 	 	 	 	 	 	 	 	 	 	 	 	 	 	 	 	 	 	 	 	 	 	 	 	 	 	 	 	 	 	 	 	 	 	 	 	 	 	 	 	 	 	 	 	 	-68	 
 Harold Russell	 	 	 	 	 	 	 	 	 	 	 	 	 	 	 	 	 	 	 	 	 	 	 	 	 	 	 	 	 	 	 	 	 	 	-10	 	 	 	 	 	 	 	 	 	 	 	 	 	 	 
Miyoshi Umeki	 	 	 	 	 	 	 	 	 	 	 	 	 	 	 	 	 	 	 	 	 	 	 	 	 	 	 	 	 	 	 	 	 	 	 	 	 	 	 	 	 	 	 	 	 	13	 	 	 	 
 Michael Chekhov	 	 	 	 	 	 	 	 	 	 	 	 	 	 	 	 	 	 	 	 	 	 	 	 	 	 	 	 	 	 	 	 	2	 	 	 	 	 	 	 	-18	 	 	 	 	 	 	 	 	 
Celeste Holm	 	 	 	 	 	 	 	 	 	 	 	 	 	 	 	 	 	 	 	 	 	 	 	 	 	 	 	 	 	 	 	5	 	 	40	40	 	57	 	 	 	 	 	 	 	 	 	 	-7	 
 Edmond OBrien	 	 	 	 	 	 	 	 	 	 	 	 	 	 	 	 	 	 	 	 	 	 	 	 	 	 	 	 	 	 	 	-21	 	 	-36	-36	-36	 	 	 	 	 	 	 	 	 	 	 	 	 
 Rosalind Russell	 	 	 	 	 	 	 	 	 	 	 	 	 	 	 	 	 	 	 	 	 	 	 	 	 	36	36	36	 	 	 	 	 	 	 	 	 	 	 	 	 	 	 	35	 	 	 	 	 	-46
 Dorothy Malone	 	 	 	 	 	 	 	 	 	 	 	 	 	 	 	 	 	 	 	 	 	 	 	 	 	 	 	 	 	 	 	 	 	 	0	 	 	 	 	 	 	 	 	 	 	-13	 	 	 	 
 Mildred Natwick	 	 	 	 	 	 	 	 	 	 	 	 	 	 	 	 	 	 	 	 	 	 	 	 	 	 	 	 	-2	 	 	 	 	 	 	0	 	 	 	 	 	 	 	 	 	 	 	 	 	 
Martin Balsam	 	 	 	 	 	 	 	 	 	 	 	 	 	 	 	 	 	 	 	 	 	 	 	 	 	 	 	 	 	 	 	 	 	 	 	 	 	 	 	 	 	-63	 	 	 	 	 	 	 	 
 Amy Madigan	 	 	 	 	 	 	 	 	 	 	 	 	 	 	 	 	 	 	 	 	 	 	 	 	 	 	 	 	 	 	 	 	 	40	 	 	 	 	 	-44	 	 	 	 	 	 	 	 	 	 
Sam Wood	 	 	 	 	 	 	 	 	 	 	 	 	 	 	 	 	 	 	 	 	 	 	 	 	 	 	 	 	 	 	 	 	11	 	 	 	 	 	 	 	 	 	 	 	 	 	 	 	 	 
Juliette Lewis	 	 	 	 	 	 	 	 	 	 	 	 	 	 	 	 	 	 	 	 	 	 	 	 	 	 	 	 	 	 	 	 	 	 	 	 	 	 	 	 	-4	 	 	 	 	 	 	 	 	 
Anna Magnani	 	 	 	 	 	 	 	 	 	 	 	 	 	 	 	 	 	 	 	 	 	 	 	 	 	 	 	 	 	 	 	 	 	 	 	 	 	 	 	 	 	 	 	1	 	21	 	 	-51	 
John Mills	 	 	 	 	 	 	 	 	 	 	 	 	 	 	 	 	 	 	 	 	 	 	 	 	 	 	45	 	 	 	-20	 	 	 	-27	 	 	 	 	 	 	 	 	18	18	 	 	 	 	 
 Ellen Burstyn	 	 	 	 	 	 	 	 	 	 	 	 	 	 	 	 	 	 	 	 	 	 	 	 	 	 	 	 	 	 	 	 	-22	 	 	 	 	 	 	 	 	 	 	 	 	 	 	 	 	 
 Sophia Loren	 	 	 	 	 	 	 	 	 	 	 	 	2	 	 	 	 	 	 	 	 	 	 	 	 	 	 	 	 	 	 	 	 	 	 	 	 	 	 	 	 	 	 	 	 	-29	-29	-55	-57	 
F. Murray Abraham	 	 	 	 	-19	 	 	 	 	 	 	 	 	 	 	 	 	 	 	 	 	 	 	 	 	 	 	 	 	 	 	 	 	 	 	 	 	 	 	 	 	 	 	 	 	 	 	 	 	 
 Erich von Stroheim	 	 	 	 	 	 	-2	-2	 	 	 	 	 	 	 	 	 	 	 	 	 	 	 	 	 	 	 	 	 	 	 	38	 	 	 	 	 	 	 	 	 	 	 	 	 	 	 	 	 	 
 Kathleen Quinlan	 	 	 	 	 	 	 	 	 	 	 	 	 	 	 	 	 	 	 	 	 	 	 	 	 	 	 	 	 	 	 	 	 	 	 	 	 	 	 	 	 	 	 	 	37	 	 	 	 	 
 Michael Redgrave	 	 	 	 	 	 	 	 	 	 	 	 	 	 	 	 	 	 	 	 	 	 	 	 	 	46	 	 	 	 	-21	 	 	 	 	36	 	 	 	45	 	59	59	 	 	 	 	 	1	 
Warner Baxter	 	 	 	 	 	 	 	 	 	 	 	 	 	 	 	 	 	 	 	 	 	 	 	 	 	 	 	 	 	-49	 	 	 	 	 	 	 	 	 	 	 	 	 	 	 	 	 	 	 	 
 Tom Hardy	 	 	 	 	 	 	 	 	 	 	 	 	 	 	 	 	 	 	 	 	 	 	 	 	 	 	 	2	2	 	 	 	 	 	 	 	 	 	 	 	 	 	 	 	 	 	 	 	 	 
 Fred Zinnemann	 	 	 	 	 	 	 	 	 	 	 	 	 	 	 	 	 	 	 	 	 	 	 	 	 	 	 	 	 	 	 	 	 	 	 	 	-29	 	 	 	 	-45	 	-31	 	 	 	43	44	 
Corinne Griffith	 	 	 	 	 	 	 	 	 	 	 	 	 	 	 	 	 	 	 	 	 	 	 	 	 	 	 	 	 	 	 	 	 	 	 	 	 	 	 	 	 	 	 	 	 	 	 	 	-41	 
Glenn Close	 	 	 	 	 	 	 	 	 	 	 	 	 	 	 	 	 	 	 	 	 	 	 	 	 	 	 	 	14	 	 	 	 	 	 	 	 	 	 	 	 	 	 	 	 	 	 	 	 	23
 Franchot Tone	 	 	 	 	 	 	 	 	 	 	 	 	 	 	 	 	 	 	 	 	 	 	 	23	 	7	 	15	 	 	 	37	 	 	 	 	-13	-13	 	 	 	 	 	 	 	 	 	 	 	 
 Dorothy Dandridge	 	 	 	 	 	 	 	 	 	 	 	 	 	 	 	 	 	 	 	 	 	 	 	 	 	 	 	 	 	3	 	 	40	 	 	 	 	 	 	 	 	 	 	 	 	 	 	 	 	 
Joan Blondell	 	 	 	 	 	 	 	 	 	 	 	 	 	 	 	 	 	 	 	 	 	 	 	 	 	 	9	 	-55	 	 	 	 	 	 	 	 	 	 	 	 	 	 	 	 	 	 	 	 	 
 Leslie Howard	 	 	 	 	 	 	 	 	 	 	 	 	 	 	 	 	 	 	 	 	-33	 	-3	 	 	 	 	 	 	 	 	 	 	 	 	 	 	 	 	 	 	 	 	 	 	 	 	 	 	 
 Carol Reed	 	 	 	 	 	 	 	 	 	 	 	 	 	 	 	 	 	 	 	 	 	 	 	 	 	 	 	 	 	 	 	 	 	 	 	 	 	 	 	 	 	 	 	 	-65	 	 	37	 	 
 Robert Stevenson	 	 	 	 	 	 	 	 	 	 	 	 	 	 	 	 	 	 	 	 	 	 	 	 	 	 	 	 	 	 	 	 	 	 	 	 	 	 	 	 	21	 	 	 	 	 	 	 	 	-68
Jesse Eisenberg	 	 	 	 	 	 	 	 	 	 	 	 	 	 	 	 	 	 	 	 	 	 	 	 	 	 	 	 	3	 	 	 	 	 	 	 	 	 	 	 	 	 	 	 	 	 	 	 	 	7
Hugh Griffith	 	 	 	 	 	 	 	 	 	 	 	 	 	 	 	 	 	 	 	 	 	 	 	 	 	 	 	 	 	 	 	 	 	 	 	 	 	 	-15	 	 	 	 	 	 	 	 	58	 	 
Geena Davis	 	 	 	 	 	 	 	 	 	 	 	 	 	 	 	 	 	 	 	 	 	 	 	 	 	 	 	 	 	 	 	 	23	 	 	 	 	 	 	 	 	 	 	 	 	 	 	 	 	 
 Anthony Perkins	 	 	 	 	 	 	 	 	 	 	 	 	 	 	 	 	 	 	 	 	 	 	 	 	 	 	 	 	 	 	 	 	 	 	 	 	 	 	 	 	 	 	 	 	 	5	 	 	 	 
 Burt Lancaster	 	 	 	 	 	 	 	 	 	 	 	 	 	 	 	 	 	 	 	 	 	 	 	 	 	 	 	 	 	 	 	 	 	 	-34	8	 	 	 	 	 	-47	 	0	 	 	 	 	 	 
Brandon deWilde	 	 	 	 	 	 	 	 	 	 	 	 	 	 	 	 	 	 	 	 	 	 	 	 	 	 	 	 	 	 	 	 	 	 	 	 	 	 	 	 	-35	 	 	 	-45	 	-69	-69	 	 
 Sarah Miles	 	 	 	 	 	 	 	 	 	 	 	 	 	 	 	 	 	 	 	 	 	 	 	 	 	 	 	 	 	 	 	 	 	 	-26	 	 	 	 	 	 	 	 	 	 	 	 	 	 	 
Christoph Waltz	 	 	 	 	 	-1	 	 	 	 	 	 	 	 	 	 	 	 	 	 	 	 	 	9	 	 	 	 	 	 	 	 	 	 	 	 	 	 	 	 	 	 	 	 	 	 	 	 	 	 
 George Arliss	 	 	 	 	 	 	 	 	 	 	 	 	 	 	 	 	 	 	 	 	 	 	 	11	 	 	 	 	 	 	 	 	 	 	 	 	 	 	 	 	 	 	 	 	 	 	 	 	 	 
Charles Durning	 	 	 	 	 	 	 	 	 	 	 	 	 	 	 	 	 	 	 	 	 	-10	 	 	 	 	 	 	 	 	 	 	 	 	 	 	 	 	 	 	 	 	 	 	 	 	 	 	 	 
 Mark Rylance	 	 	 	 	 	 	 	 	 	 	 	 	 	 	 	 	 	 	 	 	 	 	 	 	 	 	 	 	 	-27	 	 	 	 	 	 	 	 	 	 	 	 	 	 	 	 	 	 	 	 
 Laura Dern	 	 	 	 	 	 	 	 	 	 	 	 	 	 	 	 	 	 	 	 	 	 	 	 	 	 	 	 	 	 	 	 	6	 	 	 	 	 	 	 	 	 	 	 	 	 	 	 	 	 
 Jack Warden	 	 	 	 	 	 	 	 	 	 	 	 	 	 	 	 	 	 	 	 	 	 	 	 	 	 	 	 	 	 	 	 	 	 	 	 	 	 	12	 	 	-46	 	 	 	-21	-21	 	-3	 
 Woody Harrelson	 	 	 	 	 	 	 	 	 	 	 	 	 	 	 	 	 	 	 	 	 	 	 	 	 	 	 	 	 	 	 	 	7	 	 	 	 	 	 	 	 	 	 	 	 	 	 	 	 	 
Janet McTeer	 	 	 	 	 	 	 	 	 	 	 	 	 	 	 	 	 	 	 	 	 	 	 	 	 	 	 	1	 	 	 	 	 	 	 	 	 	 	 	 	 	 	 	 	 	 	 	 	 	 
Brenda Blethyn	 	 	 	 	 	 	 	 	 	 	 	 	 	 	 	 	 	 	 	 	 	 	 	 	 	 	 	 	 	37	 	 	 	 	 	 	 	 	 	 	 	 	 	 	 	 	 	 	 	 
 Chris Sarandon	 	 	 	 	 	 	 	 	 	 	 	 	 	 	 	 	 	23	 	 	 	 	 	 	 	 	 	 	 	 	 	 	 	 	 	 	 	 	 	 	 	 	 	 	 	 	 	 	 	 
 Bob Hoskins	 	 	 	 	 	 	 	 	 	 	 	 	 	-9	 	 	 	 	 	 	 	 	 	 	 	 	 	 	 	 	 	 	 	 	 	 	 	 	 	 	 	 	 	 	 	 	 	 	 	 
 Michel Hazanavicius	 	 	 	 	 	 	 	 	 	 	 	 	 	 	 	 	 	 	 	 	 	 	 	 	 	 	 	 	 	 	 	 	 	 	 	 	-26	 	 	 	 	 	 	 	 	 	 	 	 	 
 Josephine Hull	 	 	 	 	 	 	 	 	 	 	 	 	 	 	 	 	 	 	 	 	 	 	 	 	 	 	 	 	 	 	 	 	-4	 	 	 	 	 	50	50	 	 	 	 	 	 	 	 	 	 
 Cliff Robertson	 	 	 	 	 	 	 	 	 	 	 	 	 	 	 	 	 	 	 	 	 	 	 	 	 	 	 	 	 	 	 	 	 	 	 	 	 	 	 	 	 	 	 	41	 	 	 	6	 	 
Jeanne Eagels	 	 	 	 	 	 	 	 	 	 	 	 	 	 	 	 	 	 	 	 	 	 	 	 	 	 	 	 	11	 	 	 	 	 	 	 	 	 	 	 	 	 	 	 	 	 	 	 	 	 
 Gene Tierney	 	 	 	 	 	 	 	 	 	 	 	 	 	 	 	 	 	 	 	 	 	 	 	 	 	 	 	 	 	5	 	 	15	 	30	 	 	-59	 	15	 	 	 	 	 	 	 	 	 	 
Deborah Kerr	 	 	 	 	 	 	 	 	 	 	 	 	 	 	 	 	 	 	 	 	 	 	 	 	 	 	 	 	 	-21	 	 	 	 	 	 	 	 	17	 	 	-54	 	 	-40	-54	 	 	46	 
 Ernest Borgnine	 	 	 	 	 	 	 	 	 	 	 	 	 	 	 	 	 	 	 	 	 	 	 	 	 	 	 	 	 	 	 	 	 	 	 	 	 	 	 	 	 	-49	 	-55	 	 	 	 	 	 
Gregory Peck	 	 	 	 	 	 	 	 	 	 	 	 	 	 	 	 	 	 	 	 	 	 	 	 	 	 	 	 	 	 	 	 	 	 	 	 	 	 	 	 	 	 	 	 	 	 	 	30	 	 
Ian Holm	 	 	 	 	 	 	 	 	 	 	 	 	 	 	 	 	 	 	 	 	 	 	 	 	 	 	 	 	 	 	 	 	 	 	 	 	 	 	 	 	 	 	-31	 	 	 	 	 	 	 
 George Kennedy	 	 	 	 	 	 	 	 	 	 	 	 	 	 	 	3	 	 	 	 	 	 	 	 	 	 	 	 	 	 	 	 	 	 	 	 	 	 	 	 	 	 	 	 	 	 	 	 	-34	 
Chazz Palminteri	 	 	 	 	 	 	 	 	 	 	 	 	 	 	 	 	 	 	 	 	 	 	 	 	 	 	 	 	 	 	 	 	 	 	 	 	 	 	 	 	 	 	 	-65	 	 	 	 	 	 
 Susan Peters	 	 	 	 	 	 	 	 	 	 	 	 	 	 	 	 	 	 	 	 	 	 	 	 	 	 	 	 	 	20	20	 	1	1	 	 	 	 	 	 	 	 	 	 	 	 	 	 	 	 
 Joan Plowright	 	 	 	 	 	 	 	 	 	 	 	 	-2	 	 	 	 	 	 	 	 	 	 	 	 	 	 	 	 	 	 	 	 	 	 	 	 	 	 	 	 	 	 	 	-52	 	 	73	 	24
 Richard Dix	 	 	 	 	 	 	 	 	 	 	 	 	 	 	 	-5	 	 	 	-27	-9	 	 	 	 	 	 	 	-30	 	 	 	-36	 	-13	 	 	 	 	 	 	 	 	 	 	 	 	 	 	 
Brian Aherne	 	 	 	 	 	 	 	 	 	 	 	 	 	 	 	 	 	 	 	-34	-34	 	21	 	 	 	 	10	 	 	 	 	 	 	 	 	 	 	 	 	 	56	 	11	11	 	 	27	 	-11
 Susan Tyrrell	 	 	 	 	 	 	 	 	 	 	 	 	 	 	 	 	 	 	 	 	 	 	 	 	-2	 	 	 	 	 	 	 	 	 	 	 	 	 	 	 	 	 	 	 	 	 	 	 	 	 
 Barbara Harris	 	 	 	 	 	 	 	 	 	 	 	 	 	 	 	 	 	 	 	 	 	 	 	 	 	 	 	 	 	 	 	 	 	 	 	 	 	 	 	 	 	 	 	 	 	 	 	 	 	-6
 Jacki Weaver	 	 	 	 	 	 	 	 	 	 	 	 	 	 	 	 	 	 	 	 	 	 	 	 	 	 	 	 	 	 	 	 	 	 	 	 	 	 	 	-40	 	 	 	 	 	 	 	 	 	 
Francis Ford Coppola	 	 	 	 	 	 	 	 	 	 	 	 	 	 	 	 	 	 	 	-17	 	 	 	 	 	 	 	 	 	 	 	 	 	 	 	 	 	 	 	 	 	 	 	 	 	 	 	 	 	 
Joan Lorring	 	 	 	 	 	 	 	 	 	 	 	 	 	 	 	 	 	 	 	 	 	 	 	 	 	 	 	 	 	 	 	 	0	 	49	 	 	 	 	 	 	 	 	 	 	 	 	 	 	 
Clifton Webb	 	 	 	 	 	 	 	 	 	 	 	 	 	 	 	 	 	 	 	 	 	 	 	 	 	 	 	 	 	 	 	 	14	 	 	 	 	16	 	 	37	 	48	 	-30	-30	 	 	 	 
 Mervyn LeRoy	 	 	 	 	 	 	 	 	 	 	 	 	 	 	 	 	 	 	 	 	 	 	 	 	 	 	 	 	 	 	 	 	 	 	 	 	 	 	 	 	 	 	 	 	 	 	 	 	 	-44
 Joan Fontaine	 	 	 	 	 	 	 	 	 	 	 	 	 	 	 	 	 	 	 	 	 	 	 	 	 	 	 	-13	-13	-13	 	 	 	 	 	 	 	 	-26	 	-61	 	-15	 	 	-5	 	 	 	 
 William H. Macy	 	 	 	 	 	 	 	 	 	 	 	 	 	 	 	 	 	 	 	 	 	 	 	 	 	 	24	 	 	 	 	 	 	 	 	 	 	 	 	 	 	 	 	 	 	 	 	 	 	 
 James Dunn	 	 	 	 	 	 	 	 	6	 	 	 	 	 	 	 	 	 	 	 	 	 	 	 	 	 	 	 	 	 	 	 	 	-8	 	 	 	 	 	 	 	 	 	 	 	 	 	 	-42	 
 Sidney Poitier	 	 	 	 	 	 	 	 	 	 	 	 	 	 	 	 	 	 	 	 	 	 	 	 	 	 	 	 	 	 	 	 	 	 	 	 	 	 	 	 	50	 	 	 	-44	-44	 	15	 	-41
 Nancy Olson	 	 	 	 	 	 	 	 	 	 	 	 	 	 	 	 	 	 	 	 	 	 	 	 	 	 	 	 	 	 	 	 	 	 	 	 	 	26	26	 	 	-34	 	-50	 	 	 	 	-73	 
Jack Albertson	 	 	 	 	 	 	 	 	 	 	 	 	 	 	 	 	 	 	 	 	 	 	 	 	 	 	 	 	 	 	 	 	 	 	 	 	 	 	 	 	 	 	 	 	 	 	 	18	 	 
 William Friedkin	 	 	 	 	 	 	 	 	 	 	 	 	 	 	 	 	 	 	 	 	 	 	 	 	 	 	 	 	 	 	 	 	 	 	 	 	 	 	 	 	 	 	 	 	 	 	 	 	-46	 
 Shirley Knight	 	 	 	 	 	 	 	 	 	 	 	 	 	 	 	 	 	 	 	 	 	 	 	 	 	 	 	 	 	 	 	11	 	 	 	 	 	 	 	 	 	 	-66	-66	 	 	 	 	-17	 
 Catherine Deneuve	 	 	 	 	 	 	 	 	 	 	 	 	 	 	 	 	 	 	 	 	 	 	 	 	 	 	 	-21	 	 	 	 	 	 	 	 	 	 	 	 	 	 	 	 	 	 	 	 	 	 
 Helen Mirren	 	 	 	 	 	 	 	 	-2	 	 	 	 	 	 	 	 	 	 	 	 	 	 	 	 	 	 	 	 	 	 	 	 	 	 	 	 	 	 	 	 	 	 	 	 	 	 	 	 	 
 Vivien Leigh	 	 	 	 	 	 	 	 	 	 	 	 	 	 	 	 	 	 	 	 	 	 	 	 	 	 	 	46	 	 	 	 	 	 	 	 	 	 	 	-39	 	 	 	 	 	 	 	 	 	 
 Anne Bancroft	 	 	 	 	2	 	 	 	 	 	 	 	 	 	 	 	 	 	 	 	 	 	 	 	 	 	 	 	 	 	 	 	 	 	 	 	 	 	 	 	 	 	 	 	 	 	 	 	 	 
Anthony Quinn	 	 	 	 	 	 	 	 	 	 	 	 	 	 	 	 	 	 	 	 	 	 	 	 	 	 	 	 	 	 	 	 	 	 	 	 	 	 	 	 	-44	 	 	 	 	 	 	 	 	 
Ralph Fiennes	 	 	 	 	 	 	 	 	 	 	 	 	 	 	 	 	 	 	 	 	 	 	 	 	 	 	 	 	 	 	 	 	 	 	 	 	 	 	 	 	 	 	 	 	 	 	 	 	18	 
 Paul Haggis	 	 	 	 	 	 	 	 	 	 	 	 	 	 	 	-9	 	 	 	 	 	 	 	 	 	 	 	 	 	 	 	 	 	 	 	 	 	 	 	 	 	 	 	 	 	 	 	 	 	 
 Lee Marvin	 	 	 	 	 	 	 	 	 	 	 	 	 	 	 	 	 	 	 	 	 	 	 	 	 	 	 	 	 	 	 	 	 	 	-37	 	 	 	 	32	32	41	 	 	59	59	-70	 	 	 
Max von Sydow	 	 	 	 	 	 	 	 	 	 	 	 	 	 	 	 	 	 	 	 	 	 	 	 	 	 	 	 	 	 	 	 	 	 	 	 	 	-2	 	 	 	 	 	 	 	 	 	 	 	 
 Tilda Swinton	 	 	 	 	 	 	 	 	-21	 	 	 	 	 	 	 	 	 	 	 	 	 	 	 	 	 	 	 	 	 	 	 	 	 	 	 	 	 	 	 	 	 	 	 	 	 	 	 	 	 
Basil Rathbone	 	 	 	 	 	 	 	 	 	 	 	 	-3	 	 	 	 	 	 	 	 	 	 	 	 	 	 	 	 	 	 	 	-32	-32	 	 	 	 	 	 	 	 	-14	 	 	 	 	 	 	 
 Jo Van Fleet	 	 	 	 	 	 	 	 	 	 	 	 	 	 	 	 	 	 	 	 	 	 	 	 	 	 	 	 	 	 	 	 	 	 	 	 	 	 	21	 	 	 	 	 	 	-64	 	 	-60	 
